code,name,industry,theme,method,method_name,close,valuation_score,raw_valuation_score,quality_score,trend_score,liquidity_score,low_value_score,high_quality_score,core_score,valuation_ref,ret20_at_buy,ret60_at_buy,mktcap,value_line,price_to_value,eps_excl,eps_excl_raw,eps_adjustment_factor,eps_excl_source,current_valuation,low_avg,pepb_ratio,valuation_percentile,selection_bucket,valuation_state,total_score,selection_mode,theme_momentum_score,buy_close_raw,end_close_raw,buy_close_qfq,end_close_qfq,raw_return,qfq_return,earnings_yoy
sh.600183,生益科技,C39计算机、通信和其他电子设备制造业,AI算力/CPO,VALUE,基本价值线,54.87,50.0,0.0,72.8,100.0,93.0,0.0,95.0,0.0,"AI算力/CPO右侧动量, 20/60日涨幅=33.5%/97.7%, 相对60日=83.7%, 量能20/120=1.83, 市值=1294.5亿",0.33471174896618816,0.9772972972972973,1294.5429023474112,17.019357297290142,3.2239760316176285,0.71,0.71,1.0,年报扣非EPS,,,,,主题右侧动量,主题右侧确认,95.0,主题右侧动量,95.0,54.87,98.95,54.48014865,98.95,0.8033533807180611,0.8162578930481683,
sh.600330,天通股份,C39计算机、通信和其他电子设备制造业,半导体/电子,VALUE,基本价值线,10.05,50.0,0.0,15.0,100.0,76.3,0.0,95.0,0.0,"半导体/电子右侧动量, 20/60日涨幅=28.0%/45.2%, 相对60日=31.2%, 量能20/120=2.90, 市值=117.6亿",0.28025477707006385,0.45231213872832376,117.612788652,6.509288283530647,1.5439475964565619,0.01,0.01,1.0,年报扣非EPS,,,,,主题右侧动量,主题右侧确认,95.0,主题右侧动量,95.0,10.05,30.08,10.05,30.08,1.9930348258706463,1.9930348258706463,
sh.603019,中科曙光,C39计算机、通信和其他电子设备制造业,AI算力/CPO,VALUE,基本价值线,92.14,50.0,0.0,86.0,100.0,100.0,0.0,95.0,0.0,"AI算力/CPO右侧动量, 20/60日涨幅=32.9%/48.9%, 相对60日=34.9%, 量能20/120=2.38, 市值=1344.5亿",0.32881453706374386,0.48852988691437815,1344.5387175949002,28.815059727672498,3.1976334899460053,0.94,0.94,1.0,年报扣非EPS,,,,,主题右侧动量,主题右侧确认,95.0,主题右侧动量,95.0,92.14,98.7,92.06518232,98.7,0.07119600607770793,0.07206652409527314,
sh.603893,瑞芯微,C39计算机、通信和其他电子设备制造业,半导体/电子,VALUE,基本价值线,233.99,50.0,0.0,87.2,100.0,98.0,0.0,95.0,0.0,"半导体/电子右侧动量, 20/60日涨幅=43.6%/56.4%, 相对60日=42.4%, 量能20/120=1.71, 市值=976.6亿",0.43587383406971036,0.5641042780748664,976.5808773480915,47.02510180154252,4.975853130259989,1.29,1.29,1.0,年报扣非EPS,,,,,主题右侧动量,主题右侧确认,95.0,主题右侧动量,95.0,233.99,181.2,233.60485246,181.2,-0.22560793196290452,-0.22433118108697359,
sh.603920,世运电路,C39计算机、通信和其他电子设备制造业,半导体/电子,VALUE,基本价值线,39.55,50.0,0.0,71.2,100.0,88.4,0.0,95.0,0.0,"半导体/电子右侧动量, 20/60日涨幅=19.8%/49.8%, 相对60日=35.8%, 量能20/120=1.62, 市值=244.7亿",0.1984848484848485,0.49810606060606055,244.65935329358018,21.6164190221619,1.829627745439796,1.06,1.06,1.0,年报扣非EPS,,,,,主题右侧动量,主题右侧确认,95.0,主题右侧动量,95.0,39.55,63.98,39.26875995,63.98,0.6176991150442479,0.6292849603976352,
sh.688347,华虹公司,C39计算机、通信和其他电子设备制造业,半导体/电子,VALUE,基本价值线,85.71,50.0,0.0,16.0,100.0,93.7,0.0,95.0,0.0,"半导体/电子右侧动量, 20/60日涨幅=35.8%/70.3%, 相对60日=56.3%, 量能20/120=2.96, 市值=1501.6亿",0.35832012678288416,0.7032988871224164,1501.6425391391567,25.68353351926082,3.337157635872946,0.14,0.14,1.0,年报扣非EPS,,,,,主题右侧动量,主题右侧确认,95.0,主题右侧动量,95.0,85.71,147.8,85.71,147.8,0.7244195543110492,0.7244195543110492,
sh.688630,芯碁微装,C35专用设备制造业,半导体/电子,VALUE,基本价值线,143.0,50.0,0.0,76.2,100.0,82.6,0.0,95.0,0.0,"半导体/电子右侧动量, 20/60日涨幅=24.7%/88.0%, 相对60日=74.0%, 量能20/120=2.24, 市值=188.0亿",0.24716553287981857,0.8803418803418803,188.0105496928319,31.96182788718651,4.474087042353691,1.13,1.13,1.0,年报扣非EPS,,,,,主题右侧动量,主题右侧确认,95.0,主题右侧动量,95.0,143.0,263.61,142.608752,263.61,0.8434265734265736,0.8484840257209458,
sh.688668,鼎通科技,C39计算机、通信和其他电子设备制造业,半导体/电子,VALUE,基本价值线,129.85,50.0,0.0,71.8,100.0,80.4,0.0,95.0,0.0,"半导体/电子右侧动量, 20/60日涨幅=43.7%/129.0%, 相对60日=115.0%, 量能20/120=2.25, 市值=179.7亿",0.43734779721053796,1.2901234567901234,179.65095705372386,29.306458477510553,4.430763959406607,0.67,0.67,1.0,年报扣非EPS,,,,,主题右侧动量,主题右侧确认,95.0,主题右侧动量,95.0,129.85,283.6,129.85,283.6,1.1840585290720065,1.1840585290720065,
sz.000063,中兴通讯,C39计算机、通信和其他电子设备制造业,半导体/电子,VALUE,基本价值线,48.0,50.0,0.0,52.2,100.0,100.0,0.0,95.0,0.0,"半导体/电子右侧动量, 20/60日涨幅=41.7%/48.0%, 相对60日=34.0%, 量能20/120=2.64, 市值=2299.2亿",0.41718334809565993,0.4796547472256474,2299.2,26.305615959890726,1.8247054192985865,1.29,1.29,1.0,年报扣非EPS,,,,,主题右侧动量,主题右侧确认,95.0,主题右侧动量,95.0,48.0,37.51,48.0,37.51,-0.21854166666666675,-0.21854166666666675,
sz.002156,通富微电,C39计算机、通信和其他电子设备制造业,半导体/电子,VALUE,基本价值线,34.88,50.0,0.0,55.2,100.0,98.7,0.0,95.0,0.0,"半导体/电子右侧动量, 20/60日涨幅=28.7%/45.5%, 相对60日=31.5%, 量能20/120=2.49, 市值=528.4亿",0.2866101069715974,0.4545454545454546,528.3785858058928,15.167001340021006,2.299729473087242,0.41,0.41,1.0,年报扣非EPS,,,,,主题右侧动量,主题右侧确认,95.0,主题右侧动量,95.0,34.88,58.07,34.88,58.07,0.6648509174311925,0.6648509174311925,
sz.002273,水晶光电,C39计算机、通信和其他电子设备制造业,半导体/电子,VALUE,基本价值线,27.32,50.0,0.0,59.1,100.0,91.6,0.0,95.0,0.0,"半导体/电子右侧动量, 20/60日涨幅=31.5%/41.4%, 相对60日=27.4%, 量能20/120=2.04, 市值=372.9亿",0.31472569778633286,0.41407867494824013,372.8758318883257,14.646630875900868,1.8652753818594225,0.7,0.7,1.0,年报扣非EPS,,,,,主题右侧动量,主题右侧确认,95.0,主题右侧动量,95.0,27.32,37.3,27.21432624,37.3,0.3653001464128842,0.37060163353138376,
sz.002384,东山精密,C39计算机、通信和其他电子设备制造业,半导体/电子,VALUE,基本价值线,68.82,50.0,0.0,47.5,100.0,100.0,0.0,95.0,0.0,"半导体/电子右侧动量, 20/60日涨幅=29.1%/116.4%, 相对60日=102.4%, 量能20/120=1.57, 市值=1166.9亿",0.29093978615644334,1.1641509433962263,1166.8590434904452,18.140144461636964,3.7937955866636845,0.53,0.53,1.0,年报扣非EPS,,,,,主题右侧动量,主题右侧确认,95.0,主题右侧动量,95.0,68.82,211.25,68.82,211.25,2.069601859924441,2.069601859924441,
sz.002396,星网锐捷,C39计算机、通信和其他电子设备制造业,半导体/电子,VALUE,基本价值线,35.74,50.0,0.0,70.4,100.0,75.2,0.0,95.0,0.0,"半导体/电子右侧动量, 20/60日涨幅=29.9%/80.1%, 相对60日=66.1%, 量能20/120=2.03, 市值=207.6亿",0.2986918604651163,0.8005037783375315,207.64332487739833,22.439847751531453,1.5927024280973945,0.6173,0.6173,1.0,年报扣非EPS,,,,,主题右侧动量,主题右侧确认,95.0,主题右侧动量,95.0,35.74,31.41,35.74,31.41,-0.12115277000559599,-0.12115277000559599,
sz.002463,沪电股份,C39计算机、通信和其他电子设备制造业,AI算力/CPO,VALUE,基本价值线,69.8,50.0,0.0,94.5,100.0,100.0,0.0,95.0,0.0,"AI算力/CPO右侧动量, 20/60日涨幅=29.4%/91.7%, 相对60日=77.7%, 量能20/120=1.55, 市值=1336.1亿",0.2940304041527624,0.91705575391376,1336.1287839603067,26.295007718057935,2.6544962735289586,1.3302,1.3302,1.0,年报扣非EPS,,,,,主题右侧动量,主题右侧确认,95.0,主题右侧动量,95.0,69.8,104.26,69.476477,104.26,0.4936962750716334,0.5006517961467736,
sz.002484,江海股份,C39计算机、通信和其他电子设备制造业,半导体/电子,VALUE,基本价值线,36.64,50.0,0.0,49.2,100.0,89.9,0.0,95.0,0.0,"半导体/电子右侧动量, 20/60日涨幅=40.0%/89.2%, 相对60日=75.2%, 量能20/120=2.32, 市值=309.4亿",0.39954163483575256,0.8915849251419721,309.38027088659044,14.951829180639633,2.4505362893954996,0.7259,0.7259,1.0,年报扣非EPS,,,,,主题右侧动量,主题右侧确认,95.0,主题右侧动量,95.0,36.64,53.35,36.64,53.35,0.4560589519650655,0.4560589519650655,
sz.002815,崇达技术,C39计算机、通信和其他电子设备制造业,半导体/电子,VALUE,基本价值线,17.24,50.0,0.0,24.3,100.0,84.4,0.0,95.0,0.0,"半导体/电子右侧动量, 20/60日涨幅=26.2%/65.1%, 相对60日=51.1%, 量能20/120=3.24, 市值=186.8亿",0.26207906295754024,0.6513409961685823,186.79921819796797,9.068915117836825,1.9009991576712642,0.25,0.25,1.0,年报扣非EPS,,,,,主题右侧动量,主题右侧确认,95.0,主题右侧动量,95.0,17.24,15.76,17.24,15.76,-0.08584686774941985,-0.08584686774941985,
sz.002938,鹏鼎控股,C39计算机、通信和其他电子设备制造业,半导体/电子,VALUE,基本价值线,58.49,50.0,0.0,92.5,100.0,94.0,0.0,95.0,0.0,"半导体/电子右侧动量, 20/60日涨幅=17.9%/95.1%, 相对60日=81.1%, 量能20/120=1.83, 市值=1358.9亿",0.17899617012699065,0.9509673115410273,1358.882560311937,36.56239752869812,1.599730979186765,1.52,1.52,1.0,年报扣非EPS,,,,,主题右侧动量,主题右侧确认,95.0,主题右侧动量,95.0,58.49,89.23,58.49,89.23,0.5255599247734655,0.5255599247734655,
sz.300035,中科电气,C39计算机、通信和其他电子设备制造业,半导体/电子,VALUE,基本价值线,21.4,75.0,45.3,67.5,100.0,79.6,0.0,95.0,0.0,"半导体/电子右侧动量, 20/60日涨幅=30.3%/45.3%, 相对60日=31.3%, 量能20/120=1.68, 市值=147.7亿",0.3032886723507915,0.4528173794976238,147.6501993088112,22.93355946173439,0.9331303339853022,0.5005,0.5005,1.0,年报扣非EPS,,,,,主题右侧动量,主题右侧确认,95.0,主题右侧动量,95.0,21.4,18.77,21.4,18.77,-0.12289719626168216,-0.12289719626168216,
sz.300037,新宙邦,C39计算机、通信和其他电子设备制造业,半导体/电子,VALUE,基本价值线,48.29,50.0,0.0,54.8,100.0,83.0,0.0,95.0,0.0,"半导体/电子右侧动量, 20/60日涨幅=42.2%/47.5%, 相对60日=33.5%, 量能20/120=2.71, 市值=361.4亿",0.421967020023557,0.4745038167938931,361.35468044643784,26.679312716830474,1.810016641453307,1.27,1.27,1.0,年报扣非EPS,,,,,主题右侧动量,主题右侧确认,95.0,主题右侧动量,95.0,48.29,62.67,47.93907657,62.67,0.29778422033547325,0.30728425501667944,
sz.300236,上海新阳,C39计算机、通信和其他电子设备制造业,半导体/电子,VALUE,基本价值线,56.16,50.0,0.0,75.4,100.0,81.0,0.0,95.0,0.0,"半导体/电子右侧动量, 20/60日涨幅=34.9%/51.7%, 相对60日=37.7%, 量能20/120=3.09, 市值=174.5亿",0.34902714388662015,0.5170178282009723,174.5328626689967,22.920162077426983,2.4502444533457033,0.5173,0.5173,1.0,年报扣非EPS,,,,,主题右侧动量,主题右侧确认,95.0,主题右侧动量,95.0,56.16,100.66,56.16,100.66,0.7923789173789175,0.7923789173789175,
sz.300409,道氏技术,C39计算机、通信和其他电子设备制造业,半导体/电子,VALUE,基本价值线,22.62,50.0,0.0,52.7,100.0,88.3,0.0,95.0,0.0,"半导体/电子右侧动量, 20/60日涨幅=29.7%/60.5%, 相对60日=46.5%, 量能20/120=1.86, 市值=131.3亿",0.2970183486238531,0.6053938963804117,131.25752336733302,14.605967363821083,1.5486820856542265,0.2081,0.2081,1.0,年报扣非EPS,,,,,主题右侧动量,主题右侧确认,95.0,主题右侧动量,95.0,22.62,25.07,22.62,25.07,0.10831122900088408,0.10831122900088408,
sz.300433,蓝思科技,C39计算机、通信和其他电子设备制造业,半导体/电子,VALUE,基本价值线,32.34,50.0,0.0,74.2,100.0,100.0,0.0,95.0,0.0,"半导体/电子右侧动量, 20/60日涨幅=44.4%/46.7%, 相对60日=32.7%, 量能20/120=1.90, 市值=1609.9亿",0.4443948191156768,0.4673321234119785,1609.9136964154998,18.95122544521788,1.7064859522401294,0.66,0.66,1.0,年报扣非EPS,,,,,主题右侧动量,主题右侧确认,95.0,主题右侧动量,95.0,32.34,38.7,32.23175802,38.7,0.19666048237476796,0.20067915550825433,
sz.300476,胜宏科技,C39计算机、通信和其他电子设备制造业,AI算力/CPO,VALUE,基本价值线,270.37,50.0,0.0,88.2,100.0,100.0,0.0,95.0,0.0,"AI算力/CPO右侧动量, 20/60日涨幅=43.4%/168.2%, 相对60日=154.2%, 量能20/120=1.85, 市值=2320.3亿",0.43409536943722493,1.6822420634920636,2320.289579085414,74.63627075648351,3.6225014628897902,1.33,1.33,1.0,年报扣非EPS,,,,,主题右侧动量,主题右侧确认,95.0,主题右侧动量,95.0,270.37,346.2,268.63449497,346.2,0.28046750748973626,0.28873992909459445,
sz.300570,太辰光,C39计算机、通信和其他电子设备制造业,AI算力/CPO,VALUE,基本价值线,142.15,50.0,0.0,82.5,100.0,100.0,0.0,95.0,0.0,"AI算力/CPO右侧动量, 20/60日涨幅=23.8%/55.4%, 相对60日=41.4%, 量能20/120=1.85, 市值=322.5亿",0.23791692066533132,0.5538915609969393,322.5085894243091,32.71021769948324,4.3457368980532864,1.1,1.1,1.0,年报扣非EPS,,,,,主题右侧动量,主题右侧确认,95.0,主题右侧动量,95.0,142.15,160.33,142.15,160.33,0.1278930706999648,0.1278930706999648,
sz.300602,飞荣达,C39计算机、通信和其他电子设备制造业,半导体/电子,VALUE,基本价值线,32.1,50.0,0.0,69.2,100.0,89.3,0.0,95.0,0.0,"半导体/电子右侧动量, 20/60日涨幅=30.2%/68.5%, 相对60日=54.5%, 量能20/120=3.14, 市值=233.8亿",0.3017031630170317,0.6850393700787403,233.82201500333332,11.939533640546113,2.6885472218939825,0.27,0.27,1.0,年报扣非EPS,,,,,主题右侧动量,主题右侧确认,95.0,主题右侧动量,95.0,32.1,38.79,32.1,38.79,0.20841121495327086,0.20841121495327086,
sz.300684,中石科技,C39计算机、通信和其他电子设备制造业,半导体/电子,VALUE,基本价值线,35.77,50.0,0.0,69.6,100.0,83.9,0.0,95.0,0.0,"半导体/电子右侧动量, 20/60日涨幅=19.6%/56.1%, 相对60日=42.1%, 量能20/120=2.73, 市值=106.5亿",0.19552139037433158,0.5613269314709735,106.54206583813493,21.069317623159584,1.6977294015768833,0.5855,0.5855,1.0,年报扣非EPS,,,,,主题右侧动量,主题右侧确认,95.0,主题右侧动量,95.0,35.77,59.39,35.77,59.39,0.6603298853788089,0.6603298853788089,
sz.300709,精研科技,C39计算机、通信和其他电子设备制造业,半导体/电子,VALUE,基本价值线,57.71,50.0,0.0,58.1,100.0,77.4,0.0,95.0,0.0,"半导体/电子右侧动量, 20/60日涨幅=30.2%/52.1%, 相对60日=38.1%, 量能20/120=2.07, 市值=107.9亿",0.3018272050530115,0.5210859251449658,107.91976691571112,19.78245839431542,2.917230955308529,0.54,0.54,1.0,年报扣非EPS,,,,,主题右侧动量,主题右侧确认,95.0,主题右侧动量,95.0,57.71,48.8,57.71,48.8,-0.15439265291977133,-0.15439265291977133,
sz.300790,宇瞳光学,C39计算机、通信和其他电子设备制造业,半导体/电子,VALUE,基本价值线,33.49,50.0,0.0,59.6,100.0,76.6,0.0,95.0,0.0,"半导体/电子右侧动量, 20/60日涨幅=39.6%/61.7%, 相对60日=47.7%, 量能20/120=2.04, 市值=109.0亿",0.3959983326385996,0.6170931916948335,108.96862264969593,13.401711353430708,2.4989345850540863,0.49,0.49,1.0,年报扣非EPS,,,,,主题右侧动量,主题右侧确认,95.0,主题右侧动量,95.0,33.49,33.96,33.43628204,33.96,0.01403404001194386,0.01566316372656118,
sz.300811,铂科新材,C39计算机、通信和其他电子设备制造业,半导体/电子,VALUE,基本价值线,78.62,50.0,0.0,68.8,100.0,80.6,0.0,95.0,0.0,"半导体/电子右侧动量, 20/60日涨幅=38.3%/80.1%, 相对60日=66.1%, 量能20/120=2.78, 市值=220.2亿",0.3831808585503167,0.8007329363261568,220.15140613513893,23.273629383213077,3.3780721822745634,1.31,1.31,1.0,年报扣非EPS,,,,,主题右侧动量,主题右侧确认,95.0,主题右侧动量,95.0,78.62,102.37,78.62,102.37,0.30208598321037905,0.30208598321037905,
sz.301205,联特科技,C39计算机、通信和其他电子设备制造业,AI算力/CPO,VALUE,基本价值线,118.0,50.0,0.0,33.6,100.0,79.4,0.0,95.0,0.0,"AI算力/CPO右侧动量, 20/60日涨幅=22.9%/54.3%, 相对60日=40.4%, 量能20/120=1.67, 市值=153.1亿",0.2286547271970012,0.5434924787442772,153.0931114241088,15.905267219121374,7.418925968005111,0.5442,0.5442,1.0,年报扣非EPS,,,,,主题右侧动量,主题右侧确认,95.0,主题右侧动量,95.0,118.0,286.88,118.0,286.88,1.431186440677966,1.431186440677966,
sz.301389,隆扬电子,C39计算机、通信和其他电子设备制造业,半导体/电子,VALUE,基本价值线,74.55,50.0,0.0,54.2,100.0,84.8,0.0,95.0,0.0,"半导体/电子右侧动量, 20/60日涨幅=44.1%/229.0%, 相对60日=215.0%, 量能20/120=2.41, 市值=213.8亿",0.441415313225058,2.289938217122683,213.8042142743889,12.389038287521831,6.017416224719099,0.27,0.27,1.0,年报扣非EPS,,,,,主题右侧动量,主题右侧确认,95.0,主题右侧动量,95.0,74.55,73.82,74.2216818,73.82,-0.009792085848423948,-0.005411919943856702,
sz.301486,致尚科技,C39计算机、通信和其他电子设备制造业,半导体/电子,VALUE,基本价值线,104.13,50.0,0.0,32.8,100.0,80.2,0.0,95.0,0.0,"半导体/电子右侧动量, 20/60日涨幅=43.4%/60.5%, 相对60日=46.6%, 量能20/120=1.88, 市值=132.6亿",0.434297520661157,0.6054579093432007,132.6086903739,23.163991582867418,4.495339226293657,0.51,0.51,1.0,年报扣非EPS,,,,,主题右侧动量,主题右侧确认,95.0,主题右侧动量,95.0,104.13,272.06,104.13,272.06,1.6126956688754444,1.6126956688754444,
sh.601138,工业富联,C39计算机、通信和其他电子设备制造业,AI算力/CPO,VALUE,基本价值线,55.62,50.0,0.0,84.3,85.0,100.0,0.0,94.8,0.0,"AI算力/CPO右侧动量, 20/60日涨幅=68.7%/172.2%, 相对60日=158.3%, 量能20/120=2.76, 市值=11036.3亿",0.6869881710646042,1.7224669603524227,11036.25992135593,23.77178361423712,2.339748708072907,1.18,1.18,1.0,年报扣非EPS,,,,,主题右侧动量,主题右侧确认,94.8,主题右侧动量,94.8,55.62,68.98,55.31803902,68.98,0.2402013664149587,0.24697117291270176,
sh.688008,澜起科技,C39计算机、通信和其他电子设备制造业,半导体/电子,VALUE,基本价值线,124.22,50.0,0.0,82.5,85.0,100.0,0.0,94.8,0.0,"半导体/电子右侧动量, 20/60日涨幅=47.6%/48.1%, 相对60日=34.1%, 量能20/120=2.13, 市值=1409.7亿",0.47599809885931554,0.4807485993562999,1409.6603031038214,32.63913989597449,3.805860093002038,1.1,1.1,1.0,年报扣非EPS,,,,,主题右侧动量,主题右侧确认,94.8,主题右侧动量,94.8,124.22,247.99,124.04124742,247.99,0.9963773949444534,0.9992543219136871,
sh.688041,海光信息,C39计算机、通信和其他电子设备制造业,AI算力/CPO,VALUE,基本价值线,208.96,50.0,0.0,72.3,85.0,100.0,0.0,94.8,0.0,"AI算力/CPO右侧动量, 20/60日涨幅=46.6%/53.5%, 相对60日=39.5%, 量能20/120=2.39, 市值=4864.4亿",0.46556319259363166,0.535003305663704,4864.4217657344,19.480849869583466,10.726431413357426,0.78,0.78,1.0,年报扣非EPS,,,,,主题右侧动量,主题右侧确认,94.8,主题右侧动量,94.8,208.96,303.63,208.8899984,303.63,0.45305321592649306,0.45354015187737207,
sz.000988,华工科技,C39计算机、通信和其他电子设备制造业,AI算力/CPO,VALUE,基本价值线,75.26,50.0,0.0,80.7,85.0,100.0,0.0,94.8,0.0,"AI算力/CPO右侧动量, 20/60日涨幅=50.3%/66.8%, 相对60日=52.8%, 量能20/120=2.36, 市值=758.9亿",0.5033959248901319,0.6683662159166484,758.8820152661888,23.165111104406133,3.248851242750359,0.89,0.89,1.0,年报扣非EPS,,,,,主题右侧动量,主题右侧确认,94.8,主题右侧动量,94.8,75.26,147.38,75.26,147.38,0.9582779697050223,0.9582779697050223,
sz.002104,恒宝股份,C39计算机、通信和其他电子设备制造业,半导体/电子,VALUE,基本价值线,28.83,50.0,0.0,22.5,85.0,100.0,0.0,94.8,0.0,"半导体/电子右侧动量, 20/60日涨幅=54.3%/137.9%, 相对60日=123.9%, 量能20/120=2.11, 市值=202.7亿",0.5433618843683083,1.3787128712871288,202.70729101705058,3.487997357512455,8.26548791325942,0.0929,0.0929,1.0,年报扣非EPS,,,,,主题右侧动量,主题右侧确认,94.8,主题右侧动量,94.8,28.83,13.68,28.83,13.68,-0.5254942767950053,-0.5254942767950053,
sz.002241,歌尔股份,C39计算机、通信和其他电子设备制造业,半导体/电子,VALUE,基本价值线,35.68,50.0,0.0,37.8,85.0,100.0,0.0,94.8,0.0,"半导体/电子右侧动量, 20/60日涨幅=56.3%/60.8%, 相对60日=46.8%, 量能20/120=2.20, 市值=1202.7亿",0.5628558913710031,0.60793150067598,1202.6703715897465,15.902411096929452,2.2436849218977457,0.71,0.71,1.0,年报扣非EPS,,,,,主题右侧动量,主题右侧确认,94.8,主题右侧动量,94.8,35.68,25.81,35.4985672,25.81,-0.2766255605381166,-0.27292840145953834,
sz.002281,光迅科技,C39计算机、通信和其他电子设备制造业,AI算力/CPO,VALUE,基本价值线,74.19,50.0,0.0,82.8,85.0,100.0,0.0,94.8,0.0,"AI算力/CPO右侧动量, 20/60日涨幅=48.6%/66.9%, 相对60日=52.9%, 量能20/120=2.26, 市值=576.8亿",0.4864756561811261,0.6686909581646423,576.7655838581926,25.710361498696834,2.8856070344930944,0.81,0.81,1.0,年报扣非EPS,,,,,主题右侧动量,主题右侧确认,94.8,主题右侧动量,94.8,74.19,209.9,74.19,209.9,1.8292222671519074,1.8292222671519074,
sz.002402,和而泰,C39计算机、通信和其他电子设备制造业,半导体/电子,VALUE,基本价值线,40.0,50.0,0.0,64.4,85.0,100.0,0.0,94.8,0.0,"半导体/电子右侧动量, 20/60日涨幅=55.4%/108.4%, 相对60日=94.4%, 量能20/120=2.67, 市值=363.6亿",0.5540015540015542,1.0844189682126104,363.6168094605368,12.846250774607693,3.113748960830289,0.3763,0.3763,1.0,年报扣非EPS,,,,,主题右侧动量,主题右侧确认,94.8,主题右侧动量,94.8,40.0,31.68,40.0,31.68,-0.20799999999999996,-0.20799999999999996,
sz.002600,领益智造,C39计算机、通信和其他电子设备制造业,半导体/电子,VALUE,基本价值线,15.67,50.0,0.0,34.8,85.0,100.0,0.0,94.8,0.0,"半导体/电子右侧动量, 20/60日涨幅=71.3%/84.8%, 相对60日=70.8%, 量能20/120=3.20, 市值=1107.8亿",0.7125683060109289,0.8478773584905659,1107.8450571188826,5.335178602123694,2.937108795900943,0.23,0.23,1.0,年报扣非EPS,,,,,主题右侧动量,主题右侧确认,94.8,主题右侧动量,94.8,15.67,17.07,15.64939395,17.07,0.0893426930440333,0.09077706488435622,
sz.300308,中际旭创,C39计算机、通信和其他电子设备制造业,AI算力/CPO,VALUE,基本价值线,406.1,50.0,0.0,100.0,85.0,100.0,0.0,94.8,0.0,"AI算力/CPO右侧动量, 20/60日涨幅=94.8%/274.1%, 相对60日=260.1%, 量能20/120=1.89, 市值=4455.1亿",0.9484694367143272,2.741133118378628,4455.10716229344,99.26331302529343,4.091138887299894,4.62,4.62,1.0,年报扣非EPS,,,,,主题右侧动量,主题右侧确认,94.8,主题右侧动量,94.8,406.1,1045.0,405.2041434,1045.0,1.5732578182713617,1.5789469752988707,
sz.300394,天孚通信,C39计算机、通信和其他电子设备制造业,AI算力/CPO,VALUE,基本价值线,222.16,50.0,0.0,91.4,85.0,100.0,0.0,94.8,0.0,"AI算力/CPO右侧动量, 20/60日涨幅=112.7%/216.5%, 相对60日=202.5%, 量能20/120=2.08, 市值=1230.5亿",1.1267470802220947,2.1646723646723647,1230.5141259090503,38.119911367620595,5.8279254077359885,2.3723,2.3723,1.0,年报扣非EPS,,,,,主题右侧动量,主题右侧确认,94.8,主题右侧动量,94.8,222.16,384.95,221.5423952,384.95,0.7327601728483975,0.7375906749246883,
sz.300502,新易盛,C39计算机、通信和其他电子设备制造业,AI算力/CPO,VALUE,基本价值线,388.5,50.0,0.0,92.5,85.0,100.0,0.0,94.8,0.0,"AI算力/CPO右侧动量, 20/60日涨幅=110.6%/285.1%, 相对60日=271.2%, 量能20/120=1.99, 市值=2755.3亿",1.105691056910569,2.8514920194309505,2755.306490698158,193.7041707659315,2.0056356993441105,3.99,3.99,1.0,年报扣非EPS,,,,,主题右侧动量,主题右侧确认,94.8,主题右侧动量,94.8,388.5,599.92,388.5,599.92,0.5441956241956241,0.5441956241956241,
sh.688146,中船特气,C39计算机、通信和其他电子设备制造业,半导体/电子,VALUE,基本价值线,43.3,50.0,0.0,36.2,100.0,73.4,0.0,94.7,0.0,"半导体/电子右侧动量, 20/60日涨幅=42.8%/49.6%, 相对60日=35.6%, 量能20/120=3.76, 市值=228.9亿",0.42762940982525555,0.49619903248099506,228.8597924371282,15.027680964036682,2.8813494313342747,0.39,0.39,1.0,年报扣非EPS,,,,,主题右侧动量,主题右侧确认,94.7,主题右侧动量,94.7,43.3,135.9,43.3,135.9,2.1385681293302543,2.1385681293302543,
sz.300548,长芯博创,C39计算机、通信和其他电子设备制造业,半导体/电子,VALUE,基本价值线,144.25,50.0,0.0,60.0,85.0,99.4,0.0,94.6,0.0,"半导体/电子右侧动量, 20/60日涨幅=71.5%/163.6%, 相对60日=149.6%, 量能20/120=1.79, 市值=415.5亿",0.7152199762187872,1.6361476608187133,415.45062769087497,37.64977561844,3.831364135125141,0.2,0.2,1.0,年报扣非EPS,,,,,主题右侧动量,主题右侧确认,94.6,主题右侧动量,94.6,144.25,251.98,144.25,251.98,0.7468284228769497,0.7468284228769497,
sz.300620,光库科技,C39计算机、通信和其他电子设备制造业,半导体/电子,VALUE,基本价值线,110.56,50.0,0.0,59.9,85.0,99.4,0.0,94.6,0.0,"半导体/电子右侧动量, 20/60日涨幅=100.8%/152.4%, 相对60日=138.4%, 量能20/120=4.29, 市值=274.1亿",1.0076266569820227,1.5242009132420096,274.0742194452621,11.427832699837609,9.674625355827189,0.1946,0.1946,1.0,年报扣非EPS,,,,,主题右侧动量,主题右侧确认,94.6,主题右侧动量,94.6,110.56,274.99,110.47685888,274.99,1.4872467438494934,1.4891185610073712,
sz.002475,立讯精密,C39计算机、通信和其他电子设备制造业,半导体/电子,VALUE,基本价值线,45.27,50.0,0.0,78.4,100.0,100.0,0.0,94.5,0.0,"半导体/电子右侧动量, 20/60日涨幅=24.9%/41.8%, 相对60日=27.8%, 量能20/120=1.34, 市值=3247.9亿",0.2491721854304636,0.4177889132477295,3247.8602015290367,28.638463042511955,1.5807412546127075,1.63,1.63,1.0,年报扣非EPS,,,,,主题右侧动量,主题右侧确认,94.5,主题右侧动量,94.5,45.27,72.9,45.12839544,72.9,0.6103379721669979,0.6153909149489585,
sh.600601,方正科技,C39计算机、通信和其他电子设备制造业,半导体/电子,VALUE,基本价值线,9.19,50.0,0.0,53.9,85.0,97.8,0.0,94.3,0.0,"半导体/电子右侧动量, 20/60日涨幅=53.9%/91.5%, 相对60日=77.5%, 量能20/120=2.52, 市值=386.3亿",0.5393634840871022,0.9145833333333333,386.336672171,1.74545352041115,5.26510725867696,0.05,0.05,1.0,年报扣非EPS,,,,,主题右侧动量,主题右侧确认,94.3,主题右侧动量,94.3,9.19,12.7,9.19,12.7,0.38193688792165403,0.38193688792165403,
sh.688313,仕佳光子,C39计算机、通信和其他电子设备制造业,AI算力/CPO,VALUE,基本价值线,83.49,92.8,92.8,50.2,85.0,97.2,0.0,94.2,0.0,"AI算力/CPO右侧动量, 20/60日涨幅=52.9%/140.2%, 相对60日=126.2%, 量能20/120=1.99, 市值=377.4亿",0.529120879120879,1.4018987341772151,377.39278515709856,139.0050124785911,0.6006258228483575,0.1065,0.1065,1.0,年报扣非EPS,,,,,主题右侧动量,主题右侧确认,94.2,主题右侧动量,94.2,83.49,173.42,83.49,173.42,1.0771349862258952,1.0771349862258952,
sh.688800,瑞可达,C39计算机、通信和其他电子设备制造业,半导体/电子,VALUE,基本价值线,76.05,50.0,0.0,75.0,98.1,85.3,0.0,94.2,0.0,"半导体/电子右侧动量, 20/60日涨幅=13.2%/61.1%, 相对60日=47.1%, 量能20/120=2.13, 市值=155.3亿",0.13169642857142838,0.6108875238296969,155.29841005769998,30.56561018343232,2.488090358530512,0.8,0.8,1.0,年报扣非EPS,,,,,主题右侧动量,主题右侧确认,94.2,主题右侧动量,94.2,76.05,144.77,76.05,144.77,0.9036160420775807,0.9036160420775807,
sz.002222,福晶科技,C39计算机、通信和其他电子设备制造业,半导体/电子,VALUE,基本价值线,47.61,50.0,0.0,38.6,100.0,76.1,0.0,94.2,0.0,"半导体/电子右侧动量, 20/60日涨幅=17.9%/47.4%, 相对60日=33.5%, 量能20/120=1.76, 市值=223.9亿",0.17875711809853922,0.4744502942087334,223.90321308262494,8.21562596880756,5.795054470683292,0.4583,0.4583,1.0,年报扣非EPS,,,,,主题右侧动量,主题右侧确认,94.2,主题右侧动量,94.2,47.61,104.73,47.52963432,104.73,1.1997479521109011,1.2034674050906942,
sz.001267,汇绿生态,C39计算机、通信和其他电子设备制造业,半导体/电子,VALUE,基本价值线,15.9,50.0,0.0,50.0,100.0,71.0,0.0,94.0,0.0,"半导体/电子右侧动量, 20/60日涨幅=19.3%/78.3%, 相对60日=64.3%, 量能20/120=2.41, 市值=128.0亿",0.19279819954988753,0.782511210762332,127.958631877,2.9306884813506757,5.425346331136538,0.06,0.06,1.0,年报扣非EPS,,,,,主题右侧动量,主题右侧确认,94.0,主题右侧动量,94.0,15.9,66.82,15.886326,66.82,3.20251572327044,3.2061329976484174,
sh.603083,剑桥科技,C39计算机、通信和其他电子设备制造业,AI算力/CPO,VALUE,基本价值线,93.95,50.0,0.0,69.0,85.0,96.0,0.0,93.9,0.0,"AI算力/CPO右侧动量, 20/60日涨幅=86.3%/111.5%, 相对60日=97.5%, 量能20/120=1.94, 市值=253.8亿",0.8633478778262593,1.114562232725636,253.7560388418125,19.25555325206324,4.879111951246232,0.56,0.56,1.0,年报扣非EPS,,,,,主题右侧动量,主题右侧确认,93.9,主题右侧动量,93.9,93.95,184.3,93.91082285,184.3,0.9616817456093667,0.9625001081544671,
sh.688400,凌云光,C39计算机、通信和其他电子设备制造业,半导体/电子,VALUE,基本价值线,38.86,50.0,0.0,28.8,100.0,73.8,0.0,93.5,0.0,"半导体/电子右侧动量, 20/60日涨幅=24.1%/43.0%, 相对60日=29.0%, 量能20/120=2.06, 市值=183.3亿",0.2407407407407407,0.43025395656974585,183.31983695075715,10.246648945162033,3.792459389208195,0.14,0.14,1.0,年报扣非EPS,,,,,主题右侧动量,主题右侧确认,93.5,主题右侧动量,93.5,38.86,68.9,38.86,68.9,0.7730313947503862,0.7730313947503862,
sh.603659,璞泰来,C39计算机、通信和其他电子设备制造业,半导体/电子,VALUE,基本价值线,23.84,50.0,0.0,47.8,100.0,75.4,0.0,93.2,0.0,"半导体/电子右侧动量, 20/60日涨幅=34.7%/47.6%, 相对60日=33.6%, 量能20/120=1.53, 市值=506.9亿",0.3468926553672318,0.4761609907120745,506.90123166934404,15.391644023122,1.5488923707036435,0.5,0.5,1.0,年报扣非EPS,,,,,主题右侧动量,主题右侧确认,93.2,主题右侧动量,93.2,23.84,31.65,23.68701872,31.65,0.3276006711409396,0.3361749055095946,
sh.603986,兆易创新,C39计算机、通信和其他电子设备制造业,半导体/电子,VALUE,基本价值线,174.88,50.0,0.0,72.1,85.0,100.0,0.0,93.1,0.0,"半导体/电子右侧动量, 20/60日涨幅=47.2%/42.6%, 相对60日=28.6%, 量能20/120=2.07, 市值=1162.6亿",0.4715583978458431,0.4260784473619832,1162.6466354993856,43.785235774012136,3.9940403861841616,1.55,1.55,1.0,年报扣非EPS,,,,,主题右侧动量,主题右侧确认,93.1,主题右侧动量,93.1,174.88,400.0,174.88,400.0,1.2872827081427265,1.2872827081427265,
sh.688591,泰凌微,C39计算机、通信和其他电子设备制造业,半导体/电子,VALUE,基本价值线,58.47,50.0,0.0,64.5,100.0,73.1,0.0,93.1,0.0,"半导体/电子右侧动量, 20/60日涨幅=25.0%/55.7%, 相对60日=41.7%, 量能20/120=1.59, 市值=139.8亿",0.24962598845907236,0.5567092651757186,139.76386839195789,23.66964499486207,2.4702525117166725,0.38,0.38,1.0,年报扣非EPS,,,,,主题右侧动量,主题右侧确认,93.1,主题右侧动量,93.1,58.47,36.32,58.47,36.32,-0.37882674876004785,-0.37882674876004785,
sh.605376,博迁新材,C39计算机、通信和其他电子设备制造业,半导体/电子,VALUE,基本价值线,50.68,50.0,0.0,54.5,100.0,65.0,0.0,92.9,0.0,"半导体/电子右侧动量, 20/60日涨幅=22.7%/44.9%, 相对60日=30.9%, 量能20/120=1.80, 市值=132.3亿",0.22711864406779658,0.4488279016580905,132.3158426188,12.410152848258944,4.083753086660011,0.28,0.28,1.0,年报扣非EPS,,,,,主题右侧动量,主题右侧确认,92.9,主题右侧动量,92.9,50.68,117.99,50.68,117.99,1.3281373322809786,1.3281373322809786,
sz.300373,扬杰科技,C39计算机、通信和其他电子设备制造业,半导体/电子,VALUE,基本价值线,69.1,50.0,0.0,82.2,100.0,81.7,0.0,92.9,0.0,"半导体/电子右侧动量, 20/60日涨幅=26.3%/41.8%, 相对60日=27.8%, 量能20/120=1.64, 市值=374.3亿",0.26279239766081863,0.4183087027914614,374.29423766827273,40.06473008676673,1.7247089859423148,1.76,1.76,1.0,年报扣非EPS,,,,,主题右侧动量,主题右侧确认,92.9,主题右侧动量,92.9,69.1,81.4,68.2312748,81.4,0.17800289435600591,0.1930013067849059,
sh.688147,微导纳米,C35专用设备制造业,半导体/电子,VALUE,基本价值线,44.93,85.0,61.7,65.2,100.0,63.8,0.0,92.8,0.0,"半导体/电子右侧动量, 20/60日涨幅=33.0%/53.2%, 相对60日=39.2%, 量能20/120=2.44, 市值=205.2亿",0.3300769686204854,0.5318786225707468,205.239635384661,54.920052347911714,0.8180982733842646,0.41,0.41,1.0,年报扣非EPS,,,,,主题右侧动量,主题右侧确认,92.8,主题右侧动量,92.8,44.93,85.9,44.93,85.9,0.9118628978410863,0.9118628978410863,
sz.300870,欧陆通,C39计算机、通信和其他电子设备制造业,半导体/电子,VALUE,基本价值线,255.58,50.0,0.0,92.5,85.0,89.6,0.0,92.7,0.0,"半导体/电子右侧动量, 20/60日涨幅=86.0%/127.9%, 相对60日=113.9%, 量能20/120=2.36, 市值=254.9亿",0.8595750873108268,1.2787089871611985,254.87710476908254,64.33504855149417,3.9726401977521197,2.57,2.57,1.0,年报扣非EPS,,,,,主题右侧动量,主题右侧确认,92.7,主题右侧动量,92.7,255.58,421.0,255.02641372,421.0,0.6472337428593786,0.6508093960111387,
sh.688798,艾为电子,C39计算机、通信和其他电子设备制造业,半导体/电子,VALUE,基本价值线,91.62,50.0,0.0,64.2,100.0,69.8,0.0,92.6,0.0,"半导体/电子右侧动量, 20/60日涨幅=26.3%/42.9%, 相对60日=28.9%, 量能20/120=2.29, 市值=213.7亿",0.2632014338894251,0.42866053329175124,213.7166255799403,29.514109106225416,3.1042780139575545,0.67,0.67,1.0,年报扣非EPS,,,,,主题右侧动量,主题右侧确认,92.6,主题右侧动量,92.6,91.62,72.85,91.62,72.85,-0.20486793276577175,-0.20486793276577175,
sh.688183,生益电子,C39计算机、通信和其他电子设备制造业,半导体/电子,VALUE,基本价值线,82.78,50.0,0.0,57.5,85.0,87.5,0.0,92.2,0.0,"半导体/电子右侧动量, 20/60日涨幅=62.4%/100.6%, 相对60日=86.6%, 量能20/120=1.90, 市值=676.8亿",0.6240926034922505,1.0063015026660205,676.8291785322299,29.06696864502596,2.8479061924527724,0.4,0.4,1.0,年报扣非EPS,,,,,主题右侧动量,主题右侧确认,92.2,主题右侧动量,92.2,82.78,106.14,82.494409,106.14,0.2821937666102923,0.2866326492502056,
sh.688584,上海合晶,C39计算机、通信和其他电子设备制造业,半导体/电子,VALUE,基本价值线,25.69,50.0,0.0,46.9,100.0,67.5,0.0,92.2,0.0,"半导体/电子右侧动量, 20/60日涨幅=40.3%/43.0%, 相对60日=29.0%, 量能20/120=3.79, 市值=172.6亿",0.40305843801201546,0.4296048970506401,172.6298958125,8.391919379033192,3.0612782177323146,0.16,0.16,1.0,年报扣非EPS,,,,,主题右侧动量,主题右侧确认,92.2,主题右侧动量,92.2,25.69,25.19,25.69,25.19,-0.01946282600233551,-0.01946282600233551,
sh.603296,华勤技术,C39计算机、通信和其他电子设备制造业,半导体/电子,VALUE,基本价值线,96.11,0.0,0.0,98.8,100.0,84.0,48.0,92.1,70.1,"价值线=57.55, 现价/价值=1.67, 扣非EPS=2.32, akshare东方财富扣非净利润同比=47.9%, 市值=971.6亿",0.1970357454228422,0.33264004437049355,971.5978442664799,57.55031856944852,1.6700168198725052,2.32,2.32,1.0,年报扣非EPS,,,,,高质量趋势,估值有约束的高质量,92.1,高质量趋势,,96.11,112.32,96.11,112.32,0.1686609093746747,0.1686609093746747,
sh.601869,长飞光纤,C39计算机、通信和其他电子设备制造业,半导体/电子,VALUE,基本价值线,91.98,50.0,0.0,38.9,85.0,83.8,0.0,91.5,0.0,"半导体/电子右侧动量, 20/60日涨幅=77.5%/165.5%, 相对60日=151.5%, 量能20/120=2.92, 市值=703.7亿",0.7749903512157468,1.6553117782909932,703.671535665,20.687951772544135,4.446066049035874,0.48,0.48,1.0,年报扣非EPS,,,,,主题右侧动量,主题右侧确认,91.5,主题右侧动量,91.5,91.98,399.48,91.98,399.48,3.3431180691454667,3.3431180691454667,
sz.301489,思泉新材,C39计算机、通信和其他电子设备制造业,半导体/电子,VALUE,基本价值线,214.92,50.0,0.0,65.4,85.0,83.9,0.0,91.5,0.0,"半导体/电子右侧动量, 20/60日涨幅=76.0%/295.7%, 相对60日=281.7%, 量能20/120=2.89, 市值=124.5亿",0.7599082869308875,2.9565537555228274,124.46858475931035,24.347137814049006,8.827320962383714,0.87,0.87,1.0,年报扣非EPS,,,,,主题右侧动量,主题右侧确认,91.5,主题右侧动量,91.5,214.92,261.0,214.92,261.0,0.21440536013400346,0.21440536013400346,
sh.688205,德科立,C39计算机、通信和其他电子设备制造业,半导体/电子,VALUE,基本价值线,124.99,50.0,0.0,31.8,85.0,82.8,0.0,91.3,0.0,"半导体/电子右侧动量, 20/60日涨幅=84.5%/103.2%, 相对60日=89.2%, 量能20/120=2.16, 市值=196.3亿",0.8445985832349467,1.0320273126320925,196.29570466170213,16.725164516133617,7.473170137096752,0.47,0.47,1.0,年报扣非EPS,,,,,主题右侧动量,主题右侧确认,91.3,主题右侧动量,91.3,124.99,272.0,124.86675986,272.0,1.1761740939275143,1.1783219193399832,
sz.002916,深南电路,C39计算机、通信和其他电子设备制造业,AI算力/CPO,VALUE,基本价值线,199.88,50.0,0.0,86.7,85.0,92.5,0.0,91.3,0.0,"AI算力/CPO右侧动量, 20/60日涨幅=46.7%/111.4%, 相对60日=97.4%, 量能20/120=1.52, 市值=1025.9亿",0.4672245467224547,1.1137901861252115,1025.8576510411444,70.27627762131775,2.844203005131393,3.39,3.39,1.0,年报扣非EPS,,,,,主题右侧动量,主题右侧确认,91.3,主题右侧动量,91.3,199.88,335.92,199.88,335.92,0.6806083650190116,0.6806083650190116,
sz.002052,同洲电子,C39计算机、通信和其他电子设备制造业,半导体/电子,VALUE,基本价值线,16.75,50.0,0.0,43.0,85.0,81.0,0.0,90.9,0.0,"半导体/电子右侧动量, 20/60日涨幅=61.1%/64.9%, 相对60日=50.9%, 量能20/120=3.04, 市值=124.2亿",0.6105769230769231,0.6486220472440944,124.17285894541668,8.649806296140188,1.9364595490969978,0.12,0.12,1.0,年报扣非EPS,,,,,主题右侧动量,主题右侧确认,90.9,主题右侧动量,90.9,16.75,11.4,16.75,11.4,-0.31940298507462683,-0.31940298507462683,
sh.603236,移远通信,C39计算机、通信和其他电子设备制造业,半导体/电子,VALUE,基本价值线,106.81,50.0,0.0,92.5,100.0,85.2,0.0,90.6,0.0,"半导体/电子右侧动量, 20/60日涨幅=29.9%/39.0%, 相对60日=25.0%, 量能20/120=1.55, 市值=282.8亿",0.2992336698698457,0.3902121567096186,282.79701539133936,64.93555764345689,1.644861519269058,2.01,2.01,1.0,年报扣非EPS,,,,,主题右侧动量,主题右侧确认,90.6,主题右侧动量,90.6,106.81,74.7,106.81,74.7,-0.3006272820896919,-0.3006272820896919,
sh.603486,科沃斯,C39计算机、通信和其他电子设备制造业,半导体/电子,VALUE,基本价值线,93.0,50.0,0.0,86.8,98.1,74.9,0.0,90.6,0.0,"半导体/电子右侧动量, 20/60日涨幅=13.2%/74.7%, 相对60日=60.8%, 量能20/120=1.58, 市值=524.5亿",0.13166220491603786,0.7474633596392335,524.471111672126,33.41291526152539,2.7833548576076654,1.27,1.27,1.0,年报扣非EPS,,,,,主题右侧动量,主题右侧确认,90.6,主题右侧动量,90.6,93.0,68.12,93.0,68.12,-0.26752688172043004,-0.26752688172043004,
sh.688709,成都华微,C39计算机、通信和其他电子设备制造业,半导体/电子,VALUE,基本价值线,46.02,50.0,0.0,23.5,100.0,69.0,0.0,90.6,0.0,"半导体/电子右侧动量, 20/60日涨幅=40.9%/40.7%, 相对60日=26.7%, 量能20/120=2.47, 市值=288.0亿",0.4094946401225117,0.4073394495412843,288.00945229624284,5.035715095923642,9.13872193390224,0.14,0.14,1.0,年报扣非EPS,,,,,主题右侧动量,主题右侧确认,90.6,主题右侧动量,90.6,46.02,39.37,46.02,39.37,-0.14450239026510225,-0.14450239026510225,
sh.603228,景旺电子,C39计算机、通信和其他电子设备制造业,半导体/电子,VALUE,基本价值线,61.11,50.0,0.0,50.8,93.2,95.2,0.0,90.4,0.0,"半导体/电子右侧动量, 20/60日涨幅=0.4%/81.4%, 相对60日=67.4%, 量能20/120=1.92, 市值=532.5亿",0.0037779237844939306,0.8138913624220838,532.5038182090859,22.945695126138872,2.663244659360343,1.21,1.21,1.0,年报扣非EPS,,,,,主题右侧动量,主题右侧确认,90.4,主题右侧动量,90.4,61.11,73.54,60.639453,73.54,0.20340369824905924,0.21274181018750293,
sz.300747,锐科激光,C39计算机、通信和其他电子设备制造业,半导体/电子,VALUE,基本价值线,33.87,50.0,0.0,22.5,96.1,77.6,0.0,89.8,0.0,"半导体/电子右侧动量, 20/60日涨幅=7.9%/61.7%, 相对60日=47.8%, 量能20/120=1.73, 市值=190.3亿",0.0793499043977055,0.6174785100286531,190.31827213050846,6.206275390536038,5.4573794858746405,0.0531,0.0531,1.0,年报扣非EPS,,,,,主题右侧动量,主题右侧确认,89.8,主题右侧动量,89.8,33.87,38.01,33.83707836,38.01,0.1222320637732508,0.1233239346377184,
sh.600353,旭光电子,C39计算机、通信和其他电子设备制造业,半导体/电子,VALUE,基本价值线,19.68,50.0,0.0,41.2,85.0,84.2,0.0,89.6,0.0,"半导体/电子右侧动量, 20/60日涨幅=47.0%/81.5%, 相对60日=67.6%, 量能20/120=1.51, 市值=164.1亿",0.4697535474234502,0.8154981549815499,164.14092304511627,3.465469554710853,5.678884113481133,0.1032,0.1032,1.0,年报扣非EPS,,,,,主题右侧动量,主题右侧确认,89.6,主题右侧动量,89.6,19.68,21.12,19.68,21.12,0.07317073170731714,0.07317073170731714,
sh.688195,腾景科技,C39计算机、通信和其他电子设备制造业,半导体/电子,VALUE,基本价值线,85.5,50.0,0.0,45.4,85.0,74.3,0.0,89.6,0.0,"半导体/电子右侧动量, 20/60日涨幅=82.2%/103.6%, 相对60日=89.6%, 量能20/120=2.76, 市值=111.2亿",0.8218623481781377,1.0361990950226243,111.24433156323528,12.953870410903294,6.600343934893352,0.51,0.51,1.0,年报扣非EPS,,,,,主题右侧动量,主题右侧确认,89.6,主题右侧动量,89.6,85.5,349.09,85.5,349.09,3.0829239766081864,3.0829239766081864,
sh.688519,南亚新材,C39计算机、通信和其他电子设备制造业,半导体/电子,VALUE,基本价值线,74.51,50.0,0.0,43.0,85.0,72.9,0.0,89.3,0.0,"半导体/电子右侧动量, 20/60日涨幅=51.9%/87.5%, 相对60日=73.5%, 量能20/120=2.59, 市值=174.1亿",0.5190621814475027,0.8754090108230559,174.11987013708335,13.287497717050504,5.607526833618104,0.12,0.12,1.0,年报扣非EPS,,,,,主题右侧动量,主题右侧确认,89.3,主题右侧动量,89.3,74.51,181.95,74.38378006,181.95,1.441954100120789,1.4460977897766703,
sh.600118,中国卫星,C39计算机、通信和其他电子设备制造业,半导体/电子,VALUE,基本价值线,36.73,50.0,0.0,15.0,100.0,91.5,0.0,88.7,0.0,"半导体/电子右侧动量, 20/60日涨幅=24.2%/33.3%, 相对60日=19.3%, 量能20/120=2.99, 市值=512.6亿",0.2421373013189041,0.33272859216255446,512.6406099999999,4.798321726158917,7.65475974646714,0.0034290320269398868,0.0034290320269398868,1.0,年报扣非EPS,,,,,主题右侧动量,主题右侧确认,88.7,主题右侧动量,88.7,36.73,96.92,36.73,96.92,1.6387149469098832,1.6387149469098832,
sz.002947,恒铭达,C39计算机、通信和其他电子设备制造业,半导体/电子,VALUE,基本价值线,43.7,14.9,14.9,93.5,100.0,69.4,52.5,88.2,70.3,"价值线=38.15, 现价/价值=1.15, 扣非EPS=1.88, akshare东方财富扣非净利润同比=38.9%, 市值=104.3亿",0.302145411203814,0.3072090936284775,104.28963339488298,38.15387513778771,1.1453620331403611,1.88,1.88,1.0,年报扣非EPS,,,,,高质量趋势,估值有约束的高质量,88.2,高质量趋势,,43.7,86.84,43.4271809,86.84,0.9871853546910754,0.9996692900689761,
sh.603290,斯达半导,C39计算机、通信和其他电子设备制造业,半导体/电子,VALUE,基本价值线,109.72,50.0,0.0,61.7,100.0,81.8,0.0,87.9,0.0,"半导体/电子右侧动量, 20/60日涨幅=29.1%/34.5%, 相对60日=20.5%, 量能20/120=3.02, 市值=262.1亿",0.2914312617702448,0.3454322501532803,262.12622364670784,48.27751611726218,2.2726935605696656,2.04,2.04,1.0,年报扣非EPS,,,,,主题右侧动量,主题右侧确认,87.9,主题右侧动量,87.9,109.72,123.6,109.72,123.6,0.12650382792562875,0.12650382792562875,
sh.688007,光峰科技,C39计算机、通信和其他电子设备制造业,半导体/电子,VALUE,基本价值线,22.95,50.0,0.0,15.0,85.0,65.5,0.0,87.9,0.0,"半导体/电子右侧动量, 20/60日涨幅=49.4%/63.1%, 相对60日=49.1%, 量能20/120=2.86, 市值=105.4亿",0.494140625,0.6311300639658848,105.35229318535713,3.216688562626701,7.1346664599880825,0.07,0.07,1.0,年报扣非EPS,,,,,主题右侧动量,主题右侧确认,87.9,主题右侧动量,87.9,22.95,15.08,22.95,15.08,-0.3429193899782135,-0.3429193899782135,
sz.301488,豪恩汽电,C39计算机、通信和其他电子设备制造业,半导体/电子,VALUE,基本价值线,117.0,50.0,0.0,56.9,85.0,65.9,0.0,87.9,0.0,"半导体/电子右侧动量, 20/60日涨幅=61.0%/72.1%, 相对60日=58.1%, 量能20/120=1.99, 市值=107.5亿",0.6095749071399093,0.7213476533764898,107.4957028698913,24.801541663709166,4.717448680668111,0.92,0.92,1.0,年报扣非EPS,,,,,主题右侧动量,主题右侧确认,87.9,主题右侧动量,87.9,117.0,152.33,116.634726,152.33,0.3019658119658122,0.3060432790831096,
sh.688403,汇成股份,C39计算机、通信和其他电子设备制造业,半导体/电子,VALUE,基本价值线,13.6,50.0,0.0,59.0,100.0,71.5,0.0,87.6,0.0,"半导体/电子右侧动量, 20/60日涨幅=19.3%/37.0%, 相对60日=23.0%, 量能20/120=2.27, 市值=113.9亿",0.1929824561403508,0.3695871097683787,113.9033259225,6.429255592459505,2.1153304304701526,0.16,0.16,1.0,年报扣非EPS,,,,,主题右侧动量,主题右侧确认,87.6,主题右侧动量,87.6,13.6,20.82,13.6,20.82,0.5308823529411766,0.5308823529411766,
sh.600460,士兰微,C39计算机、通信和其他电子设备制造业,半导体/电子,VALUE,基本价值线,31.83,50.0,0.0,58.8,100.0,96.1,0.0,87.1,0.0,"半导体/电子右侧动量, 20/60日涨幅=22.0%/30.2%, 相对60日=16.2%, 量能20/120=2.99, 市值=534.1亿",0.22000766577232644,0.30237315875613735,534.10807763948,10.58891721383481,3.0059730713932615,0.15,0.15,1.0,年报扣非EPS,,,,,主题右侧动量,主题右侧确认,87.1,主题右侧动量,87.1,31.83,31.05,31.83,31.05,-0.024505183788878337,-0.024505183788878337,
sz.301413,安培龙,C39计算机、通信和其他电子设备制造业,半导体/电子,VALUE,基本价值线,119.91,50.0,0.0,66.8,80.0,70.4,0.0,87.1,0.0,"半导体/电子右侧动量, 20/60日涨幅=40.8%/61.9%, 相对60日=47.9%, 量能20/120=1.90, 市值=117.7亿",0.4082207868467409,0.6190926275992437,117.69367596958814,21.880705949737838,5.4801705335945385,0.76,0.76,1.0,年报扣非EPS,,,,,主题右侧动量,主题右侧确认,87.1,主题右侧动量,87.1,119.91,131.89,119.91,131.89,0.09990826453173196,0.09990826453173196,
sz.002185,华天科技,C39计算机、通信和其他电子设备制造业,半导体/电子,VALUE,基本价值线,11.9,50.0,0.0,50.0,100.0,85.7,0.0,86.8,0.0,"半导体/电子右侧动量, 20/60日涨幅=17.9%/33.1%, 相对60日=19.1%, 量能20/120=2.11, 市值=382.4亿",0.17938553022794856,0.33109619686800906,382.39513241057693,5.45071634486473,2.1831992800746858,0.0104,0.0104,1.0,年报扣非EPS,,,,,主题右侧动量,主题右侧确认,86.8,主题右侧动量,86.8,11.9,14.69,11.9,14.69,0.23445378151260488,0.23445378151260488,
sh.688603,天承科技,C39计算机、通信和其他电子设备制造业,半导体/电子,VALUE,基本价值线,94.2,50.0,0.0,47.9,80.0,66.0,0.0,86.0,0.0,"半导体/电子右侧动量, 20/60日涨幅=43.4%/44.5%, 相对60日=30.5%, 量能20/120=2.94, 市值=117.0亿",0.4340082204292892,0.4445637172212853,117.01773492468,14.31712031672405,6.579535403496157,0.5,0.5,1.0,年报扣非EPS,,,,,主题右侧动量,主题右侧确认,86.0,主题右侧动量,86.0,94.2,143.8,94.2,143.8,0.5265392781316349,0.5265392781316349,
sz.002138,顺络电子,C39计算机、通信和其他电子设备制造业,半导体/电子,VALUE,基本价值线,35.84,50.0,0.0,77.3,100.0,77.6,0.0,85.2,0.0,"半导体/电子右侧动量, 20/60日涨幅=26.6%/32.3%, 相对60日=18.4%, 量能20/120=2.31, 市值=282.8亿",0.2659837513246204,0.32348596750369296,282.77867976507474,20.847268036968593,1.719170105955596,0.99,0.99,1.0,年报扣非EPS,,,,,主题右侧动量,主题右侧确认,85.2,主题右侧动量,85.2,35.84,36.69,35.00428288,36.69,0.023716517857142794,0.0481574533544622,
sz.300102,乾照光电,C39计算机、通信和其他电子设备制造业,半导体/电子,VALUE,基本价值线,15.6,50.0,0.0,50.0,100.0,77.0,0.0,85.1,0.0,"半导体/电子右侧动量, 20/60日涨幅=33.4%/32.4%, 相对60日=18.4%, 量能20/120=2.45, 市值=143.3亿",0.33447390932420884,0.32427843803056033,143.27542050899999,5.332586946179401,2.9254094039998386,0.04,0.04,1.0,年报扣非EPS,,,,,主题右侧动量,主题右侧确认,85.1,主题右侧动量,85.1,15.6,28.26,15.5750556,28.26,0.8115384615384618,0.8144397506998307,
sz.002913,奥士康,C39计算机、通信和其他电子设备制造业,半导体/电子,VALUE,基本价值线,40.98,50.0,0.0,46.8,94.7,61.5,0.0,84.7,0.0,"半导体/电子右侧动量, 20/60日涨幅=4.1%/47.4%, 相对60日=33.4%, 量能20/120=1.70, 市值=130.0亿",0.04142312579415486,0.4741007194244602,130.0445074279626,23.129266597868202,1.7717812117647118,1.07,1.07,1.0,年报扣非EPS,,,,,主题右侧动量,主题右侧确认,84.7,主题右侧动量,84.7,40.98,51.18,40.98,51.18,0.2489019033674964,0.2489019033674964,
sh.600498,烽火通信,C39计算机、通信和其他电子设备制造业,半导体/电子,VALUE,基本价值线,27.16,50.0,0.0,66.0,99.7,87.2,0.0,84.5,0.0,"半导体/电子右侧动量, 20/60日涨幅=23.0%/29.4%, 相对60日=15.4%, 量能20/120=2.31, 市值=311.2亿",0.22951561792666375,0.2939494997617915,311.21438493870176,18.755456770812486,1.4481118925488814,0.57,0.57,1.0,年报扣非EPS,,,,,主题右侧动量,主题右侧确认,84.5,主题右侧动量,84.5,27.16,56.17,27.16,56.17,1.068114874815906,1.068114874815906,
sz.002993,奥海科技,C39计算机、通信和其他电子设备制造业,半导体/电子,VALUE,基本价值线,50.09,50.0,0.0,62.3,100.0,70.3,0.0,84.5,0.0,"半导体/电子右侧动量, 20/60日涨幅=29.1%/33.3%, 相对60日=19.3%, 量能20/120=2.56, 市值=139.0亿",0.29097938144329905,0.3332446100612192,138.96381835303794,32.124626441432554,1.5592399211651753,1.45,1.45,1.0,年报扣非EPS,,,,,主题右侧动量,主题右侧确认,84.5,主题右侧动量,84.5,50.09,59.18,49.44544188,59.18,0.18147334797364745,0.19687473202534966,
sz.301308,江波龙,C39计算机、通信和其他电子设备制造业,半导体/电子,VALUE,基本价值线,100.14,50.0,0.0,22.5,98.2,79.3,0.0,84.0,0.0,"半导体/电子右侧动量, 20/60日涨幅=13.4%/35.5%, 相对60日=21.5%, 量能20/120=1.60, 市值=416.9亿",0.13408833522083818,0.3550744248985114,416.939487047955,16.31841930869064,6.1366237811200754,0.4,0.4,1.0,年报扣非EPS,,,,,主题右侧动量,主题右侧确认,84.0,主题右侧动量,84.0,100.14,592.22,100.14,592.22,4.913920511284203,4.913920511284203,
sh.601231,环旭电子,C39计算机、通信和其他电子设备制造业,半导体/电子,VALUE,基本价值线,19.4,50.0,0.0,32.5,100.0,70.9,0.0,83.7,0.0,"半导体/电子右侧动量, 20/60日涨幅=23.7%/32.9%, 相对60日=18.9%, 量能20/120=1.72, 市值=426.4亿",0.2372448979591837,0.3287671232876712,426.4297921867878,14.600016808698065,1.3287655935055027,0.66,0.66,1.0,年报扣非EPS,,,,,主题右侧动量,主题右侧确认,83.7,主题右侧动量,83.7,19.4,40.09,19.4,40.09,1.066494845360825,1.066494845360825,
sh.689009,九号公司,C39计算机、通信和其他电子设备制造业,半导体/电子,VALUE,基本价值线,73.17,0.0,0.0,100.0,73.3,83.9,45.7,83.2,64.5,"价值线=43.25, 现价/价值=1.69, 扣非EPS=1.50, akshare东方财富扣非净利润同比=125.3%, 市值=517.8亿",0.19990160708429006,0.16549856642242755,517.8167863714398,43.25029032387509,1.6917805511147883,1.501,1.501,1.0,年报扣非EPS,,,,,高质量趋势,估值有约束的高质量,83.2,高质量趋势,,73.17,40.51,72.65802951,40.51,-0.4463577969113025,-0.4424566662047371,
sh.688029,南微医学,C35专用设备制造业,半导体/电子,VALUE,基本价值线,93.51,50.0,0.0,81.9,95.0,65.8,0.0,83.1,0.0,"半导体/电子右侧动量, 20/60日涨幅=5.1%/40.3%, 相对60日=26.3%, 量能20/120=2.17, 市值=175.4亿",0.05079222384537596,0.4034218820351194,175.43759301897214,55.93380487915067,1.6717975864870203,2.9,2.9,1.0,年报扣非EPS,,,,,主题右侧动量,主题右侧确认,83.1,主题右侧动量,83.1,93.51,80.75,93.03141582,80.75,-0.13645599401133568,-0.1320136398199342,
sh.688093,世华科技,C39计算机、通信和其他电子设备制造业,半导体/电子,VALUE,基本价值线,40.5,0.0,0.0,87.2,100.0,53.7,41.5,82.3,61.9,"价值线=27.94, 现价/价值=1.45, 扣非EPS=0.99, akshare东方财富扣非净利润同比=101.0%, 市值=106.1亿",0.2078735460781389,0.5016685205784206,106.07908719681818,27.94158489846199,1.44945249695658,0.99,0.99,1.0,年报扣非EPS,,,,,高质量趋势,估值有约束的高质量,82.3,高质量趋势,,40.5,32.69,40.031253,32.69,-0.19283950617283951,-0.18338803934016257,
sh.600584,长电科技,C39计算机、通信和其他电子设备制造业,半导体/电子,VALUE,基本价值线,41.15,50.0,0.0,41.5,97.4,100.0,0.0,81.9,0.0,"半导体/电子右侧动量, 20/60日涨幅=18.5%/24.8%, 相对60日=10.9%, 量能20/120=2.60, 市值=740.5亿",0.18519585253456228,0.24848300970873782,740.5206938943431,22.05156765296792,1.8660804822400745,0.86,0.86,1.0,年报扣非EPS,,,,,主题右侧动量,主题右侧确认,81.9,主题右侧动量,81.9,41.15,58.33,41.12115385,58.33,0.4174969623329283,0.41849132475157913,
sz.300458,全志科技,C39计算机、通信和其他电子设备制造业,半导体/电子,VALUE,基本价值线,52.5,50.0,0.0,59.5,80.0,96.4,0.0,81.5,0.0,"半导体/电子右侧动量, 20/60日涨幅=32.0%/33.2%, 相对60日=19.2%, 量能20/120=1.63, 市值=337.9亿",0.32042253521126773,0.3318112633181125,337.8790083083334,6.658389969675097,7.884789001411071,0.18,0.18,1.0,年报扣非EPS,,,,,主题右侧动量,主题右侧确认,81.5,主题右侧动量,81.5,52.5,36.72,43.54581,36.72,-0.3005714285714286,-0.15675009834470877,
sz.001339,智微智能,C39计算机、通信和其他电子设备制造业,半导体/电子,VALUE,基本价值线,63.23,50.0,0.0,65.8,99.3,78.4,0.0,81.4,0.0,"半导体/电子右侧动量, 20/60日涨幅=19.0%/28.7%, 相对60日=14.7%, 量能20/120=1.76, 市值=158.1亿",0.19032379518072284,0.2869936902096477,158.09185727975114,16.394452504553282,3.856792410874284,0.43,0.43,1.0,年报扣非EPS,,,,,主题右侧动量,主题右侧确认,81.4,主题右侧动量,81.4,63.23,106.73,63.23,106.73,0.68796457377827,0.68796457377827,
sh.688380,中微半导,C39计算机、通信和其他电子设备制造业,半导体/电子,VALUE,基本价值线,34.98,50.0,0.0,35.7,100.0,63.2,0.0,81.3,0.0,"半导体/电子右侧动量, 20/60日涨幅=23.1%/31.2%, 相对60日=17.2%, 量能20/120=2.07, 市值=138.7亿",0.23125659978880675,0.3115860517435318,138.66485103153911,10.201724791998215,3.4288319586347566,0.23,0.23,1.0,年报扣非EPS,,,,,主题右侧动量,主题右侧确认,81.3,主题右侧动量,81.3,34.98,51.19,34.98,51.19,0.4634076615208691,0.4634076615208691,
sh.688208,道通科技,C39计算机、通信和其他电子设备制造业,半导体/电子,VALUE,基本价值线,42.02,50.0,0.0,82.8,80.0,70.5,0.0,81.1,0.0,"半导体/电子右侧动量, 20/60日涨幅=18.8%/42.9%, 相对60日=28.9%, 量能20/120=1.20, 市值=280.5亿",0.18801243992083694,0.42876572594355666,280.5350655692716,18.529322695919333,2.267756932597108,0.81,0.81,1.0,年报扣非EPS,,,,,主题右侧动量,主题右侧确认,81.1,主题右侧动量,81.1,42.02,39.96,40.85705448,39.96,-0.049024274155164305,-0.021955926373476542,
sz.002049,紫光国微,C39计算机、通信和其他电子设备制造业,半导体/电子,VALUE,基本价值线,82.21,50.0,0.0,48.4,96.0,99.4,0.0,81.1,0.0,"半导体/电子右侧动量, 20/60日涨幅=11.1%/27.4%, 相对60日=13.4%, 量能20/120=2.01, 市值=693.2亿",0.1112462827791294,0.2737837000309884,693.2052062399243,26.41575703866698,3.1121576368098123,1.0983,1.0983,1.0,年报扣非EPS,,,,,主题右侧动量,主题右侧确认,81.1,主题右侧动量,81.1,82.21,78.33,82.21,78.33,-0.04719620484126008,-0.04719620484126008,
sh.600060,海信视像,C39计算机、通信和其他电子设备制造业,半导体/电子,VALUE,基本价值线,22.05,82.1,82.1,83.4,29.8,61.7,80.5,61.5,69.1,"Q1价值线=32.66, 现价/价值=0.68, akshare东方财富扣非净利润同比=26.6%, 市值=290.0亿",-0.035010940919037226,-0.03837767117313562,290.0130099480065,32.65956447449737,0.6751467863944731,1.382,1.382,1.0,年报扣非EPS,,,,,价值线左侧确认,基本价值线左侧,80.5,价值线左侧确认,,22.05,24.6,22.05,24.6,0.11564625850340149,0.11564625850340149,0.26574900998201
sh.600563,法拉电子,C39计算机、通信和其他电子设备制造业,半导体/电子,VALUE,基本价值线,120.0,0.0,0.0,82.9,91.0,68.1,40.8,79.4,60.1,"价值线=78.97, 现价/价值=1.52, 扣非EPS=4.55, akshare东方财富扣非净利润同比=20.7%, 市值=270.0亿",0.10091743119266061,0.18017309205350118,270.0212509925275,78.9654101279135,1.519652716368039,4.55,4.55,1.0,年报扣非EPS,,,,,高质量趋势,估值有约束的高质量,79.4,高质量趋势,,120.0,134.18,120.0,134.18,0.11816666666666675,0.11816666666666675,
sz.302132,中航成飞,C39计算机、通信和其他电子设备制造业,半导体/电子,VALUE,基本价值线,105.59,50.0,0.0,59.0,98.3,95.0,0.0,79.1,0.0,"半导体/电子右侧动量, 20/60日涨幅=25.1%/26.5%, 相对60日=12.6%, 量能20/120=1.23, 市值=624.7亿",0.25076995972518357,0.2654602109300097,624.7355118833062,27.454828447676398,3.8459537345583548,0.16,0.16,1.0,年报扣非EPS,,,,,主题右侧动量,主题右侧确认,79.1,主题右侧动量,79.1,105.59,67.21,105.59,67.21,-0.36348139028317084,-0.36348139028317084,
sh.688385,复旦微电,C39计算机、通信和其他电子设备制造业,半导体/电子,VALUE,基本价值线,62.05,50.0,0.0,26.8,98.4,79.4,0.0,79.0,0.0,"半导体/电子右侧动量, 20/60日涨幅=18.1%/26.9%, 相对60日=12.9%, 量能20/120=1.71, 市值=505.3亿",0.18122977346278302,0.26865671641791056,505.2732588596492,10.710773840148388,5.793232209554371,0.57,0.57,1.0,年报扣非EPS,,,,,主题右侧动量,主题右侧确认,79.0,主题右侧动量,79.0,62.05,70.77,62.05,70.77,0.14053182917002416,0.14053182917002416,
sz.300408,三环集团,C39计算机、通信和其他电子设备制造业,半导体/电子,VALUE,基本价值线,43.64,50.0,0.0,68.4,80.0,89.5,0.0,78.9,0.0,"半导体/电子右侧动量, 20/60日涨幅=30.0%/30.4%, 相对60日=16.4%, 量能20/120=2.62, 市值=834.9亿",0.300357568533969,0.30424387328153024,834.8665746967446,22.374186045014046,1.950462015118754,1.01,1.01,1.0,年报扣非EPS,,,,,主题右侧动量,主题右侧确认,78.9,主题右侧动量,78.9,43.64,87.9,43.41246104,87.9,1.0142071494042164,1.024764270309611,
sh.600879,航天电子,C37铁路、船舶、航空航天和其他运输设备制造业,半导体/电子,VALUE,基本价值线,11.68,50.0,0.0,15.0,95.1,92.4,0.0,78.8,0.0,"半导体/电子右侧动量, 20/60日涨幅=8.2%/27.8%, 相对60日=13.8%, 量能20/120=2.57, 市值=383.4亿",0.08248378127896205,0.27789934354485757,383.39869125521574,6.695320088920314,1.7445021066772497,0.051,0.051,1.0,年报扣非EPS,,,,,主题右侧动量,主题右侧确认,78.8,主题右侧动量,78.8,11.68,23.56,11.68,23.56,1.0171232876712328,1.0171232876712328,
sz.002236,大华股份,C39计算机、通信和其他电子设备制造业,半导体/电子,VALUE,基本价值线,19.4,55.0,29.9,44.9,97.2,88.2,0.0,78.4,0.0,"半导体/电子右侧动量, 20/60日涨幅=18.5%/24.4%, 相对60日=10.4%, 量能20/120=1.71, 市值=632.5亿",0.18509468540012208,0.2435897435897436,632.4936374083055,18.637397180752895,1.040917882033155,0.72,0.72,1.0,年报扣非EPS,,,,,主题右侧动量,主题右侧确认,78.4,主题右侧动量,78.4,19.4,17.77,19.2195412,17.77,-0.08402061855670095,-0.07542017704356019,
sz.000021,深科技,C39计算机、通信和其他电子设备制造业,半导体/电子,VALUE,基本价值线,21.95,50.0,0.0,43.1,96.7,88.9,0.0,78.1,0.0,"半导体/电子右侧动量, 20/60日涨幅=18.6%/23.3%, 相对60日=9.3%, 量能20/120=2.38, 市值=344.7亿",0.18584548892490527,0.23314606741573018,344.6848703061203,13.14863670580576,1.6693745892536533,0.5735,0.5735,1.0,年报扣非EPS,,,,,主题右侧动量,主题右侧确认,78.1,主题右侧动量,78.1,21.95,37.03,21.95,37.03,0.6870159453302962,0.6870159453302962,
sz.002709,天赐材料,C39计算机、通信和其他电子设备制造业,半导体/电子,VALUE,基本价值线,21.89,50.0,0.0,38.5,97.0,79.8,0.0,77.7,0.0,"半导体/电子右侧动量, 20/60日涨幅=15.5%/25.9%, 相对60日=12.0%, 量能20/120=1.83, 市值=417.7亿",0.15514511873350934,0.259493670886076,417.664161136915,9.25605210561096,2.3649391501081136,0.2,0.2,1.0,年报扣非EPS,,,,,主题右侧动量,主题右侧确认,77.7,主题右侧动量,77.7,21.89,55.97,21.74440961,55.97,1.5568752855185015,1.5739949257697963,
sz.300976,达瑞电子,C39计算机、通信和其他电子设备制造业,半导体/电子,VALUE,基本价值线,65.33,55.0,27.3,83.7,80.0,60.0,66.6,77.4,72.0,"价值线=61.70, 现价/价值=1.06, 扣非EPS=2.66, akshare东方财富扣非净利润同比=34.9%, 市值=61.7亿",0.18480232136380126,0.4582589285714287,61.7001607383124,61.69500952770503,1.0589187115801095,2.66,2.66,1.0,年报扣非EPS,,,,,高质量趋势,估值有约束的高质量,77.4,高质量趋势,,65.33,77.18,65.33,77.18,0.18138680544925778,0.18138680544925778,
sh.603005,晶方科技,C39计算机、通信和其他电子设备制造业,半导体/电子,VALUE,基本价值线,32.93,50.0,0.0,63.2,95.9,87.7,0.0,76.3,0.0,"半导体/电子右侧动量, 20/60日涨幅=17.2%/22.3%, 相对60日=8.3%, 量能20/120=1.92, 市值=216.1亿",0.1718861209964413,0.22325408618127773,216.06253512276362,12.360149503315847,2.6642072566489503,0.33,0.33,1.0,年报扣非EPS,,,,,主题右侧动量,主题右侧确认,76.3,主题右侧动量,76.3,32.93,33.03,32.81003601,33.03,0.003036744609778319,0.006704167893414104,
sh.688037,芯源微,C35专用设备制造业,半导体/电子,VALUE,基本价值线,127.8,50.0,0.0,29.2,97.8,74.3,0.0,76.0,0.0,"半导体/电子右侧动量, 20/60日涨幅=12.4%/29.9%, 相对60日=15.9%, 量能20/120=1.34, 市值=253.2亿",0.12361526288025315,0.29864851133014936,253.2049312864865,8.367310424238363,15.27372519009094,0.37,0.37,1.0,年报扣非EPS,,,,,主题右侧动量,主题右侧确认,76.0,主题右侧动量,76.0,127.8,286.3,127.8,286.3,1.2402190923317686,1.2402190923317686,
sh.688696,极米科技,C39计算机、通信和其他电子设备制造业,半导体/电子,VALUE,基本价值线,126.26,75.0,47.3,88.5,64.9,56.4,76.2,74.8,75.5,"价值线=137.44, 现价/价值=0.92, 扣非EPS=1.34, akshare东方财富扣非净利润同比=616.8%, 市值=86.7亿",0.14677565849227991,0.02392344497607657,86.74355623283432,137.4399648986011,0.9186556478907041,1.34,1.34,1.0,年报扣非EPS,,,,,低估且高质量,低估且高质量,75.5,低估且高质量,,126.26,86.91,126.26,86.91,-0.311658482496436,-0.311658482496436,
sz.300073,当升科技,C39计算机、通信和其他电子设备制造业,半导体/电子,VALUE,基本价值线,49.01,50.0,0.0,41.1,97.0,79.2,0.0,74.8,0.0,"半导体/电子右侧动量, 20/60日涨幅=17.8%/24.1%, 相对60日=10.1%, 量能20/120=1.52, 市值=248.2亿",0.1784082712190429,0.24075949367088612,248.22425110600486,32.66305228717623,1.5004721410938595,0.5384,0.5384,1.0,年报扣非EPS,,,,,主题右侧动量,主题右侧确认,74.8,主题右侧动量,74.8,49.01,58.45,49.01,58.45,0.19261375229545008,0.19261375229545008,
sz.002429,兆驰股份,C39计算机、通信和其他电子设备制造业,半导体/电子,VALUE,基本价值线,5.81,75.0,38.0,36.2,79.7,72.9,0.0,74.6,0.0,"半导体/电子右侧动量, 20/60日涨幅=28.8%/29.4%, 相对60日=15.4%, 量能20/120=2.44, 市值=263.2亿",0.2882483370288249,0.29398663697104666,263.16146175462,5.9051653571666805,0.983884387411576,0.35,0.35,1.0,年报扣非EPS,,,,,主题右侧动量,主题右侧确认,74.6,主题右侧动量,74.6,5.81,12.6,5.81,12.6,1.1686746987951806,1.1686746987951806,
sz.000725,京东方A,C39计算机、通信和其他电子设备制造业,半导体/电子,VALUE,基本价值线,4.2,85.0,57.8,45.0,82.8,97.3,74.0,68.1,71.1,"价值线=4.97, 现价/价值=0.85, 扣非EPS=0.10, akshare东方财富扣非净利润同比=41.5%, 市值=1611.6亿",0.044776119402985204,0.06060606060606055,1611.59244414,4.96914648295719,0.8452155746273226,0.1,0.1,1.0,年报扣非EPS,,,,,低估价值,深度低估,74.0,低估价值,,4.2,4.21,4.2,4.21,0.0023809523809523725,0.0023809523809523725,
sz.300127,银河磁体,C39计算机、通信和其他电子设备制造业,半导体/电子,VALUE,基本价值线,33.52,50.0,0.0,32.7,97.4,73.8,0.0,73.8,0.0,"半导体/电子右侧动量, 20/60日涨幅=16.0%/26.3%, 相对60日=12.4%, 量能20/120=1.32, 市值=107.5亿",0.16026306680512303,0.2634753109687147,107.53496366494223,9.134965293773885,3.66941733460621,0.45,0.45,1.0,年报扣非EPS,,,,,主题右侧动量,主题右侧确认,73.8,主题右侧动量,73.8,33.52,31.75,33.52,31.75,-0.05280429594272085,-0.05280429594272085,
sz.000823,超声电子,C39计算机、通信和其他电子设备制造业,半导体/电子,VALUE,基本价值线,14.04,75.0,45.2,64.4,97.1,71.8,73.7,77.5,75.6,"价值线=15.04, 现价/价值=0.93, 扣非EPS=0.37, akshare东方财富扣非净利润同比=69.5%, 市值=75.4亿",0.10551181102362195,0.3320683111954459,75.38807892953855,15.038721719153385,0.9335899860503829,0.3749,0.3749,1.0,年报扣非EPS,,,,,低估价值,价值线内/历史低位,73.7,低估价值,,14.04,16.26,13.87971936,16.26,0.15811965811965822,0.17149342708324067,
sz.002077,大港股份,C39计算机、通信和其他电子设备制造业,半导体/电子,VALUE,基本价值线,16.69,50.0,0.0,29.5,96.1,67.6,0.0,72.7,0.0,"半导体/电子右侧动量, 20/60日涨幅=18.5%/22.2%, 相对60日=8.2%, 量能20/120=2.02, 市值=114.4亿",0.18452803406671414,0.22181551976573943,114.41974296876667,6.0346720271711884,2.7656846842468092,0.03,0.03,1.0,年报扣非EPS,,,,,主题右侧动量,主题右侧确认,72.7,主题右侧动量,72.7,16.69,17.28,16.69,17.28,0.03535050928699812,0.03535050928699812,
sh.603380,易德龙,C39计算机、通信和其他电子设备制造业,半导体/电子,VALUE,基本价值线,43.78,0.0,0.0,75.3,85.0,57.4,36.8,72.2,54.5,"价值线=24.55, 现价/价值=1.78, 扣非EPS=1.13, akshare东方财富扣非净利润同比=36.4%, 市值=70.3亿",0.45448504983388704,0.829502716255746,70.25280032168142,24.549503885387814,1.7833354272408914,1.13,1.13,1.0,年报扣非EPS,,,,,高质量趋势,估值有约束的高质量,72.2,高质量趋势,,43.78,39.18,43.78,39.18,-0.10507080858839657,-0.10507080858839657,
sh.600345,长江通信,C39计算机、通信和其他电子设备制造业,半导体/电子,VALUE,基本价值线,30.55,50.0,0.0,21.0,95.7,67.5,0.0,71.9,0.0,"半导体/电子右侧动量, 20/60日涨幅=17.2%/21.9%, 相对60日=7.9%, 量能20/120=2.00, 市值=100.2亿",0.17229470452801232,0.21907422186751813,100.17628601041176,11.217645205843851,2.7233879695254513,0.34,0.34,1.0,年报扣非EPS,,,,,主题右侧动量,主题右侧确认,71.9,主题右侧动量,71.9,30.55,55.32,30.55,55.32,0.8108019639934534,0.8108019639934534,
sh.603890,春秋电子,C39计算机、通信和其他电子设备制造业,半导体/电子,VALUE,基本价值线,13.97,75.0,54.9,60.0,92.2,60.8,70.8,72.1,71.5,"价值线=16.13, 现价/价值=0.87, 扣非EPS=0.20, akshare东方财富扣非净利润同比=384.5%, 市值=60.3亿",0.1247987117552336,0.1869158878504673,60.29124368575,16.13419092107928,0.8658630648623495,0.2,0.2,1.0,年报扣非EPS,,,,,低估价值,价值线内/历史低位,70.8,低估价值,,13.97,19.94,13.97,19.94,0.42734430923407296,0.42734430923407296,
sz.300136,信维通信,C39计算机、通信和其他电子设备制造业,半导体/电子,VALUE,基本价值线,27.2,50.0,0.0,34.0,93.3,81.0,0.0,70.3,0.0,"半导体/电子右侧动量, 20/60日涨幅=14.0%/19.7%, 相对60日=5.7%, 量能20/120=1.72, 市值=262.2亿",0.13950565563468786,0.19718309859154926,262.16201504080243,11.890228922133545,2.287592625686749,0.5583,0.5583,1.0,年报扣非EPS,,,,,主题右侧动量,主题右侧确认,70.3,主题右侧动量,70.3,27.2,111.75,27.2,111.75,3.108455882352941,3.108455882352941,
sz.301358,湖南裕能,C39计算机、通信和其他电子设备制造业,半导体/电子,VALUE,基本价值线,36.39,50.0,0.0,31.3,78.8,72.9,0.0,70.3,0.0,"半导体/电子右侧动量, 20/60日涨幅=17.9%/27.8%, 相对60日=13.8%, 量能20/120=1.52, 市值=276.7亿",0.1788143828960156,0.2777387640449438,276.70952586617994,21.757729528731673,1.672509070946305,0.75,0.75,1.0,年报扣非EPS,,,,,主题右侧动量,主题右侧确认,70.3,主题右侧动量,70.3,36.39,93.18,36.39,93.18,1.5605935696619953,1.5605935696619953,
sz.300319,麦捷科技,C39计算机、通信和其他电子设备制造业,半导体/电子,VALUE,基本价值线,12.97,50.0,0.0,35.9,92.5,71.9,0.0,69.6,0.0,"半导体/电子右侧动量, 20/60日涨幅=7.0%/23.4%, 相对60日=9.4%, 量能20/120=2.26, 市值=112.7亿",0.07013201320132034,0.23406279733587065,112.6853016283006,7.747519417127546,1.6740842199539436,0.336,0.336,1.0,年报扣非EPS,,,,,主题右侧动量,主题右侧确认,69.6,主题右侧动量,69.6,12.97,13.43,12.97,13.43,0.03546646106399365,0.03546646106399365,
sh.688233,神工股份,C39计算机、通信和其他电子设备制造业,半导体/电子,VALUE,基本价值线,37.32,75.0,42.2,53.2,99.3,58.4,69.2,71.2,70.2,"价值线=39.09, 现价/价值=0.95, 扣非EPS=0.23, akshare东方财富扣非净利润同比=1132.4%, 市值=62.2亿",0.16080870917573886,0.361050328227571,62.21640380587826,39.08718329418787,0.9547886763574841,0.23,0.23,1.0,年报扣非EPS,,,,,低估价值,价值线内/历史低位,69.2,低估价值,,37.32,96.1,37.32,96.1,1.57502679528403,1.57502679528403,
sh.688766,普冉股份,C39计算机、通信和其他电子设备制造业,半导体/电子,VALUE,基本价值线,78.29,50.0,0.0,50.0,78.4,65.0,0.0,68.4,0.0,"半导体/电子右侧动量, 20/60日涨幅=14.8%/29.3%, 相对60日=15.3%, 量能20/120=1.45, 市值=115.2亿",0.1482839542387797,0.2929810074318746,115.19663702324917,18.352891246704345,4.265812887332324,1.83,1.83,1.0,年报扣非EPS,,,,,主题右侧动量,主题右侧确认,68.4,主题右侧动量,68.4,78.29,413.0,78.29,413.0,4.275258653723336,4.275258653723336,
sz.002841,视源股份,C39计算机、通信和其他电子设备制造业,半导体/电子,VALUE,基本价值线,41.3,50.0,0.0,42.8,94.0,64.1,0.0,68.3,0.0,"半导体/电子右侧动量, 20/60日涨幅=15.9%/19.6%, 相对60日=5.6%, 量能20/120=2.30, 市值=285.6亿",0.15913555992141437,0.19640787949015048,285.5661795249339,25.468464915238705,1.621613243572003,1.21,1.21,1.0,年报扣非EPS,,,,,主题右侧动量,主题右侧确认,68.3,主题右侧动量,68.3,41.3,39.04,40.5097658,39.04,-0.05472154963680387,-0.03628176492691537,
sh.600888,新疆众和,C39计算机、通信和其他电子设备制造业,半导体/电子,VALUE,基本价值线,7.53,92.5,92.5,30.5,59.8,58.5,67.3,48.1,57.7,"价值线=12.50, 现价/价值=0.60, 扣非EPS=0.72, akshare东方财富扣非净利润同比=-36.4%, 市值=103.2亿",0.05907172995780585,0.08972503617945016,103.1504393185429,12.504735588017986,0.6021718689690033,0.7213,0.7213,1.0,年报扣非EPS,,,,,低估价值,深度低估,67.3,低估价值,,7.53,8.44,7.53,8.44,0.12084993359893748,0.12084993359893748,
sh.603062,麦加芯彩,C26化学原料和化学制品制造业,半导体/电子,PB,PB低估,54.0,75.0,50.5,50.3,93.2,39.7,67.1,65.0,66.0,"PB=2.83, 低估均值=3.69, 比值=0.77, 分位=73%",0.10633066994468332,0.22089079810083656,,,,,,,,2.834147,3.6936580000000006,0.767300870844025,0.7313769751693002,低估价值,价值线内/历史低位,67.1,低估价值,,54.0,52.25,52.280154,52.25,-0.03240740740740744,-0.0005767771839387814,
sz.301132,满坤科技,C39计算机、通信和其他电子设备制造业,半导体/电子,VALUE,基本价值线,38.21,0.0,0.0,70.0,67.3,64.8,34.2,64.8,49.5,"价值线=22.61, 现价/价值=1.69, 扣非EPS=0.60, akshare东方财富扣非净利润同比=77.1%, 市值=56.6亿",-0.01975371985633645,0.37495501979129187,56.58810517446335,22.613991356834838,1.6896619175743797,0.6,0.6,1.0,年报扣非EPS,,,,,高质量趋势,估值有约束的高质量,64.8,高质量趋势,,38.21,36.57,38.21,36.57,-0.04292070138707149,-0.04292070138707149,
sz.002106,莱宝高科,C39计算机、通信和其他电子设备制造业,半导体/电子,VALUE,基本价值线,11.68,75.0,43.4,40.6,89.4,58.0,64.4,62.0,63.2,"价值线=12.34, 现价/价值=0.95, 扣非EPS=0.52, akshare东方财富扣非净利润同比=-13.6%, 市值=82.4亿",0.10501419110690624,0.14509803921568643,82.44303140362244,12.340298187846525,0.9464925257238251,0.5223,0.5223,1.0,年报扣非EPS,,,,,低估价值,价值线内/历史低位,64.4,低估价值,,11.68,10.86,11.68,10.86,-0.0702054794520548,-0.0702054794520548,
sz.002546,新联电子,C40仪器仪表制造业,半导体/电子,VALUE,基本价值线,6.05,75.0,39.2,48.9,56.3,50.4,62.8,53.0,57.9,"价值线=6.20, 现价/价值=0.98, 扣非EPS=0.16, akshare东方财富扣非净利润同比=32.7%, 市值=50.5亿",0.03951890034364247,0.03418803418803429,50.5176132786875,6.202551446727448,0.9754050493514349,0.16,0.16,1.0,年报扣非EPS,,,,,低估价值,价值线内/历史低位,62.8,低估价值,,6.05,8.22,5.9668367,8.22,0.35867768595041327,0.3776143731233672,
sh.600707,彩虹股份,C39计算机、通信和其他电子设备制造业,半导体/电子,VALUE,基本价值线,6.39,85.0,57.4,27.2,59.9,55.2,62.2,45.8,54.0,"价值线=7.53, 现价/价值=0.85, 扣非EPS=0.29, akshare东方财富扣非净利润同比=-51.1%, 市值=229.3亿",0.03565640194489461,0.009478672985781866,229.29577800147408,7.534720068540971,0.8480739751274349,0.289,0.289,1.0,年报扣非EPS,,,,,低估价值,深度低估,62.2,低估价值,,6.39,10.87,6.39,10.87,0.7010954616588418,0.7010954616588418,
sh.603260,合盛硅业,C26化学原料和化学制品制造业,半导体/电子,PB,PB低估,51.87,91.8,91.8,4.1,36.7,61.6,61.3,28.5,44.9,"PB=1.89, 低估均值=2.96, 比值=0.64, 分位=13%",-0.023347768781773692,0.0901639344262295,,,,,,,,1.88869,2.963080888888889,0.637407506181254,0.1285414480587618,低估价值,价值线内/历史低位,61.3,低估价值,,51.87,41.46,51.87,41.46,-0.20069404279930592,-0.20069404279930592,
sh.688357,建龙微纳,C26化学原料和化学制品制造业,半导体/电子,PB,PB低估,34.6,78.6,78.6,11.4,97.5,36.0,59.4,48.6,54.0,"PB=2.02, 低估均值=2.90, 比值=0.70, 分位=25%",0.11721020342266719,0.29831144465290826,,,,,,,,2.023887,2.9025995,0.6972670532052391,0.2539454806312769,低估价值,价值线内/历史低位,59.4,低估价值,,34.6,34.13,34.6,34.13,-0.013583815028901713,-0.013583815028901713,
sz.002960,青鸟智控,C39计算机、通信和其他电子设备制造业,半导体/电子,VALUE,基本价值线,11.1,75.0,39.4,33.5,67.8,40.8,58.4,48.7,53.5,"价值线=11.39, 现价/价值=0.97, 扣非EPS=0.46, akshare东方财富扣非净利润同比=-6.5%, 市值=80.8亿",0.05313092979127143,0.15264797507788153,80.80050667391967,11.39428346612597,0.9741727097626767,0.4582,0.4582,1.0,年报扣非EPS,,,,,低估价值,价值线内/历史低位,58.4,低估价值,,11.1,9.99,9.1532598,9.99,-0.09999999999999998,0.09141444887208383,
sh.603105,芯能科技,D44电力、热力生产和供应业,半导体/电子,PB,PB低估,9.3,75.0,61.0,8.9,68.6,42.4,54.6,38.1,46.4,"PB=2.27, 低估均值=2.36, 比值=0.96, 分位=17%",0.09799291617473438,0.13414634146341475,,,,,,,,2.26684,2.364210125,0.9588149445895805,0.17443868739205526,低估价值,价值线内/历史低位,54.6,低估价值,,9.3,9.7,9.3,9.7,0.04301075268817178,0.04301075268817178,
