code,name,industry,theme,method,method_name,close,valuation_score,raw_valuation_score,quality_score,trend_score,liquidity_score,low_value_score,high_quality_score,core_score,valuation_ref,ret20_at_buy,ret60_at_buy,mktcap,value_line,price_to_value,eps_excl,eps_excl_raw,eps_adjustment_factor,eps_excl_source,current_valuation,low_avg,pepb_ratio,valuation_percentile,selection_bucket,valuation_state,total_score,selection_mode,earnings_yoy,buy_close_raw,end_close_raw,buy_close_qfq,end_close_qfq,raw_return,qfq_return,buy_trade_date,end_trade_date,portfolio_score,final_selected,final_rank,portfolio_profile
sh.603501,豪威集团,C39计算机、通信和其他电子设备制造业,半导体/电子,VALUE,基本价值线,135.2,100.0,100.0,100.0,64.6,93.1,99.3,86.6,91.2,"Q1价值线=584.46, 现价/价值=0.23, akshare东方财富扣非净利润同比=2114.7%, 市值=1620.6亿",0.0092564944759627,0.2225336829731439,1620.558525700298,584.4623340596585,0.2313237177508167,2.55,2.55,1.0,年报扣非EPS,,,,,价值线左侧确认,基本价值线左侧,99.3,价值线左侧确认,21.1472027586899,135.2,99.79,134.4891184,99.79,-0.2619082840236685,-0.2580068842209021,2025-05-06,2026-05-18,127.57,True,1,theme
sz.001309,德明利,C39计算机、通信和其他电子设备制造业,半导体/电子,VALUE,基本价值线,129.63,100.0,100.0,100.0,65.6,73.3,97.3,84.0,88.9,"Q1价值线=430.77, 现价/价值=0.30, akshare东方财富扣非净利润同比=1926.5%, 市值=191.4亿",0.0018548574078367,0.2489642547451582,191.40856717183755,430.77285223812464,0.3009242558496757,2.05,2.05,1.0,年报扣非EPS,,,,,价值线左侧确认,基本价值线左侧,97.3,价值线左侧确认,19.2653833569774,129.63,735.04,92.27218956,735.04,4.670292370593227,6.965997160195707,2025-05-06,2026-05-18,124.635,True,2,theme
sz.300953,震裕科技,C33金属制品业,资源金属,VALUE,基本价值线,156.99,100.0,100.0,92.5,66.6,79.8,95.4,81.9,87.2,"Q1价值线=628.21, 现价/价值=0.25, akshare东方财富扣非净利润同比=2528.1%, 市值=158.5亿",0.0098417599382478,0.2629927594529366,158.4584269358476,628.2138328046684,0.2498989863039408,2.29,2.29,1.0,年报扣非EPS,,,,,价值线左侧确认,基本价值线左侧,95.4,价值线左侧确认,25.2813592093946,156.99,243.68,112.64911644,243.68,0.5522007771195616,1.163177197486415,2025-05-06,2026-05-18,123.391,True,3,theme
sh.603986,兆易创新,C39计算机、通信和其他电子设备制造业,半导体/电子,VALUE,基本价值线,131.85,100.0,100.0,92.5,56.4,94.7,96.8,80.6,86.7,"Q1价值线=607.76, 现价/价值=0.22, akshare东方财富扣非净利润同比=3660.8%, 市值=876.6亿",0.121268815375457,-0.0258588843738455,876.5722717897644,607.76449582779,0.2169425836901135,1.55,1.55,1.0,年报扣非EPS,,,,,价值线左侧确认,基本价值线左侧,96.8,价值线左侧确认,36.6078702361091,131.85,400.0,131.4795015,400.0,2.0337504740235115,2.042299335155298,2025-05-06,2026-05-18,122.09,True,4,theme
sz.300502,新易盛,C39计算机、通信和其他电子设备制造业,AI算力/CPO,VALUE,基本价值线,93.63,100.0,100.0,92.5,26.5,100.0,97.4,70.9,80.6,"Q1价值线=178.37, 现价/价值=0.52, akshare东方财富扣非净利润同比=317.6%, 市值=664.0亿",-0.0592786094644831,-0.0866256950541412,664.0395025072548,178.3691298994429,0.5249226704911589,3.99,3.99,1.0,年报扣非EPS,,,,,价值线左侧确认,基本价值线左侧,97.4,价值线左侧确认,3.17593035963907,93.63,599.92,66.60894378,599.92,5.407348072199081,8.006598302796267,2025-05-06,2026-05-18,121.478,True,5,theme
sz.300724,捷佳伟创,C35专用设备制造业,C35专用设备制造业,VALUE,基本价值线,56.71,100.0,100.0,100.0,26.2,63.6,96.4,68.7,78.8,"Q1价值线=155.87, 现价/价值=0.36, akshare东方财富扣非净利润同比=68.2%, 市值=197.4亿",-0.0838449111470113,-0.0769856770833332,197.44536497609715,155.8723455523271,0.3638233568568594,7.37,7.37,1.0,年报扣非EPS,,,,,价值线左侧确认,基本价值线左侧,96.4,价值线左侧确认,0.6823305344411,56.71,88.44,55.44298518,88.44,0.5595133133486156,0.5951522038878787,2025-05-06,2026-05-18,119.42,True,6,theme
sh.603236,移远通信,C39计算机、通信和其他电子设备制造业,半导体/电子,VALUE,基本价值线,77.61,100.0,100.0,92.5,45.5,78.0,95.2,74.3,82.2,"Q1价值线=1902.28, 现价/价值=0.04, akshare东方财富扣非净利润同比=9287.3%, 市值=205.5亿",-0.0702048640230023,-0.0970331588132635,205.485220152812,1902.278475883861,0.0407984430165724,2.01,2.01,1.0,年报扣非EPS,,,,,价值线左侧确认,基本价值线左侧,95.2,价值线左侧确认,92.8731561224403,77.61,74.7,76.77002697,74.7,-0.0374951681484344,-0.0269639995151873,2025-05-06,2026-05-18,119.3,True,7,theme
sz.002984,森麒麟,C29橡胶和塑料制品业,C29橡胶和塑料制品业,VALUE,基本价值线,18.78,100.0,100.0,100.0,0.0,62.8,96.3,59.4,72.9,"Q1价值线=46.13, 现价/价值=0.41, akshare东方财富扣非净利润同比=63.0%, 市值=194.8亿",-0.2197756543415039,-0.2427419354838709,194.76289836919904,46.13379498385009,0.4070768512881773,2.05,2.05,1.0,年报扣非EPS,,,,,价值线左侧确认,基本价值线左侧,96.3,价值线左侧确认,0.62964618035459,18.78,15.71,18.21952968,15.71,-0.1634717784877529,-0.1377384446292688,2025-05-06,2026-05-18,119.26,True,8,theme
sh.600362,江西铜业,C32有色金属冶炼和压延加工业,资源金属,VALUE,基本价值线,21.79,100.0,100.0,92.5,53.1,68.8,94.3,53.6,55.4,"Q1价值线=58.91, 现价/价值=0.37, akshare东方财富扣非净利润同比=53.0%, 市值=752.5亿",-0.0468066491688539,0.0371251784864348,752.5131476183614,58.91208910142199,0.3698731505258068,2.38,2.38,1.0,年报扣非EPS,,,,,价值线左侧确认,基本价值线左侧,94.3,价值线左侧确认,0.5295069417810501,21.79,45.44,20.9377931,45.44,1.0853602569986234,1.1702382759718837,2025-05-06,2026-05-18,118.756,True,9,theme
sh.605333,沪光股份,C36汽车制造业,C36汽车制造业,VALUE,基本价值线,30.38,100.0,100.0,100.0,26.3,48.4,94.8,66.5,77.0,"Q1价值线=253.75, 现价/价值=0.12, akshare东方财富扣非净利润同比=1546.7%, 市值=132.3亿",-0.0455545083254791,-0.1295128939828079,132.3055540814,253.7488516848885,0.1197246797306756,1.51,1.51,1.0,年报扣非EPS,,,,,价值线左侧确认,基本价值线左侧,94.8,价值线左侧确认,15.4670537485052,30.38,23.3,30.1307321,23.3,-0.2330480579328505,-0.2267031573388155,2025-05-06,2026-05-18,116.8,True,10,theme
sh.601717,中创智领,C35专用设备制造业,C35专用设备制造业,VALUE,基本价值线,15.37,100.0,100.0,81.9,88.2,67.0,90.4,82.8,86.5,"Q1价值线=36.41, 现价/价值=0.42, akshare东方财富扣非净利润同比=19.0%, 市值=273.4亿",-0.0096649484536083,0.210236220472441,273.3831762517656,36.41330844114408,0.4220984210990603,2.026,2.026,1.0,年报扣非EPS,,,,,价值线左侧确认,基本价值线左侧,90.4,价值线左侧确认,0.1904588537279899,15.37,18.1,14.40398013,18.1,0.1776187378009111,0.2565971236173874,2025-05-06,2026-05-18,116.798,True,11,theme
sh.603993,洛阳钼业,B09有色金属矿采选业,资源金属,VALUE,基本价值线,7.1,100.0,100.0,77.8,30.0,87.6,91.0,69.7,73.1,"Q1价值线=16.08, 现价/价值=0.44, akshare东方财富扣非净利润同比=110.5%, 市值=1526.9亿",-0.0571049136786189,-0.0166204986149585,1526.9453146409674,16.0812037679326,0.4415092366504337,0.61,0.61,1.0,年报扣非EPS,,,,,价值线左侧确认,基本价值线左侧,91.0,价值线左侧确认,1.10480074151682,7.1,18.31,6.8822075,18.31,1.5788732394366196,1.6604835730396097,2025-05-06,2026-05-18,116.221,True,12,theme
sz.300115,长盈精密,C39计算机、通信和其他电子设备制造业,半导体/电子,VALUE,基本价值线,22.07,100.0,100.0,72.8,54.6,89.6,89.4,70.3,78.3,"Q1价值线=122.76, 现价/价值=0.18, akshare东方财富扣非净利润同比=2750.7%, 市值=285.9亿",-0.1175529788084767,0.0925742574257426,285.9112831277951,122.75809036260216,0.1797844845485113,0.41,0.41,1.0,年报扣非EPS,,,,,价值线左侧确认,基本价值线左侧,89.4,价值线左侧确认,27.50702569865589,22.07,38.75,21.9314004,38.75,0.7557770729497055,0.7668730356133573,2025-05-06,2026-05-18,116.081,True,13,theme
sh.600988,赤峰黄金,B09有色金属矿采选业,资源金属,PB,PB低估,27.24,6.8,6.8,100.0,100.0,97.8,48.5,95.0,71.8,"PB=4.75, 低估均值=3.54, 比值=1.34, 分位=50%",0.2438356164383561,0.4048478597215057,,,,,,,,4.751463,3.5352655454545454,1.344018699276827,0.5012244897959184,高质量趋势,估值有约束的高质量,95.0,高质量趋势,,27.24,36.66,27.06841524,36.66,0.3458149779735682,0.3543460034492953,2025-05-06,2026-05-18,107.458,True,14,theme
sz.002311,海大集团,C13农副食品加工业,消费,VALUE,基本价值线,54.38,75.0,55.5,92.5,86.9,74.3,81.4,86.9,84.1,"价值线=63.13, 现价/价值=0.86, 扣非EPS=2.73, akshare东方财富扣非净利润同比=78.6%, 市值=904.2亿",0.0858626198083067,0.1097959183673469,904.1550951366772,63.12569795328078,0.8614558216884437,2.73,2.73,1.0,年报扣非EPS,,,,,低估且高质量,低估且高质量,84.1,低估且高质量,,54.38,46.37,53.19658244,46.37,-0.1472968002942258,-0.1283274625338883,2025-05-06,2026-05-18,100.776,True,15,theme
sh.600276,恒瑞医药,C27医药制造业,医药医疗,PE,PE低估,51.0,75.0,58.1,87.1,86.1,96.4,81.3,87.5,84.4,"PE=47.55, 低估均值=47.74, 比值=1.00, 分位=17%",0.0029498525073745,0.1588275391956373,,,,,,,,47.551243,47.73868981818182,0.9960734821400477,0.1689795918367347,低估且高质量,低估且高质量,84.4,低估且高质量,,51.0,52.43,50.816553,52.43,0.0280392156862745,0.0317504219540432,2025-05-06,2026-05-18,99.906,True,16,theme
sh.688336,三生国健,C27医药制造业,医药医疗,PE,PE低估,28.74,100.0,100.0,82.2,91.7,41.9,88.9,80.3,84.6,"PE=24.74, 低估均值=92.19, 比值=0.27, 分位=4%",-0.0089655172413793,0.2784697508896796,,,,,,,,24.743201,92.19421633333332,0.2683812714513411,0.0365296803652968,低估且高质量,低估且高质量,84.6,低估且高质量,,28.74,64.74,28.68444558,64.74,1.252609603340292,1.2569723308558367,2025-05-06,2026-05-18,98.542,True,17,theme
sh.600866,星湖科技,C14食品制造业,消费,PE,PE低估,7.7,100.0,100.0,70.5,95.5,62.0,88.4,79.4,83.9,"PE=10.97, 低估均值=19.14, 比值=0.57, 分位=4%",0.1809815950920246,0.2106918238993711,,,,,,,,10.973479,19.1440635,0.5732053176693652,0.0425400739827373,低估且高质量,低估且高质量,83.9,低估且高质量,,7.7,5.58,7.3008166,5.58,-0.2753246753246753,-0.2357019350410747,2025-05-06,2026-05-18,97.928,True,18,theme
sh.600961,株冶集团,C32有色金属冶炼和压延加工业,资源金属,PB,PB低估,10.19,79.0,79.0,91.6,91.2,61.1,81.6,86.2,83.9,"PB=3.51, 低估均值=4.31, 比值=0.81, 分位=9%",0.0692549842602308,0.2087781731909845,,,,,,,,3.514596,4.3130923333333335,0.8148668584805782,0.0871913580246913,低估且高质量,低估且高质量,83.9,低估且高质量,,10.19,28.96,10.19,28.96,1.842001962708538,1.842001962708538,2025-05-06,2026-05-18,97.838,True,19,theme
sh.601899,紫金矿业,B09有色金属矿采选业,资源金属,PB,PB低估,17.76,6.0,6.0,100.0,82.6,100.0,46.5,89.2,67.9,"PB=3.27, 低估均值=2.55, 比值=1.28, 分位=63%",0.0148571428571429,0.0783242258652097,,,,,,,,3.270505,2.552932818181818,1.281077581324381,0.6342857142857142,高质量趋势,估值有约束的高质量,89.2,高质量趋势,,17.76,31.3,17.370612,31.3,0.7623873873873872,0.8018939113947166,2025-05-06,2026-05-18,97.74,True,20,theme
sh.688608,恒玄科技,C39计算机、通信和其他电子设备制造业,半导体/电子,VALUE,基本价值线,437.59,14.1,14.1,100.0,90.8,76.1,53.8,88.9,71.3,"价值线=380.15, 现价/价值=1.15, 扣非EPS=2.36, akshare东方财富扣非净利润同比=1279.1%, 市值=730.6亿",0.1348288381742737,0.1500394218134033,730.5525425481248,380.1549442006249,1.151083279793052,2.3636,2.3636,1.0,年报扣非EPS,,,,,高质量趋势,估值有约束的高质量,88.9,高质量趋势,,437.59,193.98,311.70585916,193.98,-0.5567083342855184,-0.3776825353147141,2025-05-06,2026-05-18,97.258,True,21,theme
sh.600809,山西汾酒,C15酒、饮料和精制茶制造业,消费,PE,PE低估,204.34,88.4,88.4,88.2,61.7,82.7,85.1,78.1,81.6,"PE=19.74, 低估均值=26.92, 比值=0.73, 分位=5%",-0.0397556390977443,0.2037702503681886,,,,,,,,19.740787,26.9152386,0.733442764278523,0.0457142857142857,低估且高质量,低估且高质量,81.6,低估且高质量,,204.34,129.84,200.15327774,129.84,-0.3645884310462953,-0.3512971585273624,2025-05-06,2026-05-18,97.098,True,22,theme
sh.603766,隆鑫通用,C37铁路、船舶、航空航天和其他运输设备制造业,C37铁路、船舶、航空航天和其他运输设备制造业,VALUE,基本价值线,13.05,75.0,40.7,75.8,98.2,67.5,76.8,82.3,79.6,"价值线=13.52, 现价/价值=0.97, 扣非EPS=0.53, akshare东方财富扣非净利润同比=70.8%, 市值=269.8亿",0.1328125,0.3155241935483872,269.7828425268963,13.5207130426193,0.9651857826480348,0.53,0.53,1.0,年报扣非EPS,,,,,低估且高质量,低估且高质量,79.6,低估且高质量,,13.05,14.3,12.52185345,14.3,0.0957854406130267,0.14200346275415,2025-05-06,2026-05-18,96.958,True,23,theme
sh.605499,东鹏饮料,C15酒、饮料和精制茶制造业,消费,PE,PE低估,280.25,35.9,35.9,93.6,92.3,74.5,59.9,87.4,73.6,"PE=40.01, 低估均值=33.96, 比值=1.18, 分位=27%",0.0972983555207518,0.2105831533477322,,,,,,,,40.005524,33.9578274,1.1780943323835849,0.2693920335429769,高质量趋势,估值有约束的高质量,87.4,高质量趋势,,280.25,142.2,210.91250675,142.2,-0.4925958965209634,-0.3257867814896663,2025-05-06,2026-05-18,96.364,True,24,theme
sh.601336,新华保险,J68保险业,金融,PE,PE低估,48.6,99.4,99.4,100.0,52.3,78.9,92.8,80.1,86.4,"PE=5.58, 低估均值=9.20, 比值=0.61, 分位=0%",-0.0673575129533678,0.0360264335962481,,,,,,,,5.580256,9.1956168,0.606838684274012,0.0008163265306122,低估价值,价值线内/历史低位,92.8,低估价值,,48.6,60.12,46.6745652,60.12,0.2370370370370369,0.2880677033066392,2025-05-06,2026-05-18,96.0,True,25,theme
sz.002773,康弘药业,C27医药制造业,医药医疗,PE,PE低估,27.92,82.0,82.0,72.1,94.6,62.3,78.8,79.0,78.9,"PE=21.09, 低估均值=30.87, 比值=0.68, 分位=22%",0.0406261647409618,0.4458829621957536,,,,,,,,21.090723,30.87057325,0.683198294673715,0.2197392923649906,低估且高质量,低估且高质量,78.9,低估且高质量,,27.92,21.49,27.37075776,21.49,-0.2303008595988539,-0.2148554969345504,2025-05-06,2026-05-18,95.773,True,26,theme
sz.000975,山金国际,B09有色金属矿采选业,资源金属,PB,PB低估,20.61,0.0,0.0,95.4,91.6,78.7,40.9,86.8,63.9,"PB=4.18, 低估均值=2.61, 比值=1.60, 分位=82%",0.1170731707317074,0.1810888252148996,,,,,,,,4.182739,2.610234363636364,1.6024381022142975,0.816734693877551,高质量趋势,估值有约束的高质量,86.8,高质量趋势,,20.61,24.4,19.88910342,24.4,0.1838913148956817,0.2268024095778973,2025-05-06,2026-05-18,95.726,True,27,theme
sh.601319,中国人保,J68保险业,金融,PE,PE低估,7.26,91.9,91.9,94.7,62.1,66.7,87.1,78.9,83.0,"PE=6.87, 低估均值=9.91, 比值=0.69, 分位=0%",0.0386266094420599,0.0506512301013024,,,,,,,,6.866991,9.905331749999998,0.6932620908936241,0.0044699872286079,低估且高质量,低估且高质量,83.0,低估且高质量,,7.26,6.84,7.09698396,6.84,-0.0578512396694215,-0.0362103058775971,2025-05-06,2026-05-18,95.46,True,28,theme
sz.002946,新乳业,C14食品制造业,消费,PE,PE低估,16.71,75.0,60.0,87.8,94.5,55.8,78.2,84.7,81.5,"PE=24.75, 低估均值=26.04, 比值=0.95, 分位=20%",0.1367346938775511,0.2232796486090775,,,,,,,,24.7459,26.043654000000004,0.9501700491029406,0.2022397891963109,低估且高质量,低估且高质量,81.5,低估且高质量,,16.71,17.59,16.41652227,17.59,0.0526630760023936,0.0714815056867703,2025-05-06,2026-05-18,95.214,True,29,theme
sz.002251,步步高,F52零售业,F52零售业,PE,PE低估,5.74,100.0,100.0,61.3,85.0,79.2,86.8,74.2,80.5,"PE=11.78, 低估均值=40.87, 比值=0.29, 分位=1%",0.4568527918781726,0.413793103448276,,,,,,,,11.776461,40.873071375,0.288122732249651,0.014069264069264,低估价值,价值线内/历史低位,86.8,低估价值,,5.74,3.83,5.74,3.83,-0.3327526132404181,-0.3327526132404181,2025-05-06,2026-05-18,94.556,True,30,theme
sz.002901,大博医疗,C35专用设备制造业,医药医疗,VALUE,基本价值线,38.9,100.0,100.0,72.2,86.5,39.3,84.3,73.7,79.0,"价值线=194.01, 现价/价值=0.20, 扣非EPS=0.69, akshare东方财富扣非净利润同比=2603.9%, 市值=160.9亿",0.0859854829704076,0.1026077097505668,160.90140115114494,194.0082053568085,0.2005069833436034,0.69,0.69,1.0,年报扣非EPS,,,,,低估价值,深度低估,84.3,低估价值,,38.9,40.06,38.4050364,40.06,0.0298200514138817,0.0430923585845111,2025-05-06,2026-05-18,94.131,True,31,theme
sz.300910,瑞丰新材,C26化学原料和化学制品制造业,C26化学原料和化学制品制造业,PB,PB低估,61.6,9.2,9.2,88.4,97.3,64.6,43.4,84.0,63.7,"PB=5.06, 低估均值=3.83, 比值=1.32, 分位=49%",0.110109929717066,0.3139931740614334,,,,,,,,5.06028,3.8293842,1.321434396684459,0.4939422180801491,高质量趋势,估值有约束的高质量,84.0,高质量趋势,,61.6,45.42,60.3591912,45.42,-0.2626623376623376,-0.2475048274006692,2025-05-06,2026-05-18,93.463,True,32,theme
sz.300870,欧陆通,C39计算机、通信和其他电子设备制造业,半导体/电子,VALUE,基本价值线,126.89,47.9,47.9,92.5,62.2,67.9,0.0,0.0,0.0,"Q1价值线=116.34, 现价/价值=1.09, akshare东方财富扣非净利润同比=273.0%, 市值=126.5亿",0.0405084050840507,0.1513474276381454,126.54102756142451,116.34369209628277,1.0906478702342488,2.57,2.57,1.0,年报扣非EPS,,,,,财报后主线候选,价值线附近/业绩强,82.5,财报后主线候选,2.7296862692068,126.89,421.0,125.91231255,421.0,2.317834344708015,2.343596757726296,2025-05-06,2026-05-18,93.374,True,33,theme
sh.603067,振华股份,C26化学原料和化学制品制造业,C26化学原料和化学制品制造业,PB,PB低估,22.26,0.0,0.0,85.5,100.0,60.0,37.4,82.5,59.9,"PB=3.46, 低估均值=1.95, 比值=1.77, 分位=83%",0.25267304445695,0.7694753577106519,,,,,,,,3.462386,1.9547725,1.771247549267242,0.833810888252149,高质量趋势,估值有约束的高质量,82.5,高质量趋势,,22.26,39.17,15.79598538,39.17,0.7596585804132974,1.479744001890182,2025-05-06,2026-05-18,93.25,True,34,theme
sz.300857,协创数据,C39计算机、通信和其他电子设备制造业,半导体/电子,VALUE,基本价值线,108.66,12.3,12.3,100.0,63.1,78.4,0.0,0.0,0.0,"Q1价值线=80.05, 现价/价值=1.36, akshare东方财富扣非净利润同比=144.3%, 市值=266.2亿",-0.0687350017140898,0.2532871972318338,266.2262658664948,80.04762196086742,1.357441949407569,2.74,2.74,1.0,年报扣非EPS,,,,,财报后主线候选,价值线附近/业绩强,79.2,财报后主线候选,1.44329544400403,108.66,272.1,55.2259017,272.1,1.504141358365544,3.927035894825418,2025-05-06,2026-05-18,91.969,True,35,theme
sh.601919,中远海控,G55水上运输业,G55水上运输业,PB,PB低估,14.56,93.6,93.6,100.0,34.7,83.1,88.2,74.3,81.3,"PB=0.93, 低估均值=1.95, 比值=0.48, 分位=15%",-0.002056202878684,0.0333569907735984,,,,,,,,0.932384,1.94978175,0.4781991625472954,0.1510204081632653,低估价值,价值线内/历史低位,88.2,低估价值,,14.56,14.0,13.12639328,14.0,-0.0384615384615385,0.0665534470410138,2025-05-06,2026-05-18,91.683,True,36,theme
sh.601127,赛力斯,C36汽车制造业,C36汽车制造业,VALUE,基本价值线,130.03,37.6,37.6,77.5,60.5,98.0,0.0,0.0,0.0,"Q1价值线=124.62, 现价/价值=1.04, akshare东方财富扣非净利润同比=215.7%, 市值=1963.9亿",0.0376665868645758,0.0198431372549019,1963.885852430475,124.6188734164396,1.0434214050826636,3.69,3.69,1.0,年报扣非EPS,,,,,财报后主线候选,价值线附近/业绩强,80.1,财报后主线候选,2.15706463041503,130.03,81.8,128.8090183,81.8,-0.3709144043682227,-0.3649512970474987,2025-05-06,2026-05-18,91.634,True,37,theme
sh.688625,呈和科技,C26化学原料和化学制品制造业,C26化学原料和化学制品制造业,PB,PB低估,49.94,60.0,32.6,83.8,100.0,48.9,68.8,83.0,75.9,"PB=4.88, 低估均值=4.49, 比值=1.09, 分位=45%",0.211253941304875,0.3352941176470587,,,,,,,,4.876621,4.489473800000001,1.0862344268497568,0.4466737064413938,高质量趋势,估值有约束的高质量,83.0,高质量趋势,,49.94,91.04,35.44781152,91.04,0.8229875851021227,1.5682826695417953,2025-05-06,2026-05-18,91.624,True,38,theme
sz.002847,盐津铺子,C14食品制造业,消费,PE,PE低估,87.3,60.0,35.9,70.6,100.0,65.8,67.2,79.6,73.4,"PE=36.17, 低估均值=29.62, 比值=1.22, 分位=21%",0.2931417567767735,0.7208752217622709,,,,,,,,36.167489,29.62495088888889,1.220845534416226,0.2123938030984507,高质量趋势,估值有约束的高质量,79.6,高质量趋势,,87.3,58.9,85.7027592,58.9,-0.3253150057273768,-0.3127409134804145,2025-05-06,2026-05-18,90.785,True,39,theme
sh.601628,中国人寿,J68保险业,金融,PE,PE低估,36.8,100.0,100.0,100.0,29.0,66.2,89.5,70.1,79.8,"PE=9.04, 低估均值=15.96, 比值=0.57, 分位=0%",-0.0160427807486631,-0.0683544303797468,,,,,,,,9.037397,15.96024727272727,0.5662441718834159,0.0008163265306122,低估价值,价值线内/历史低位,89.5,低估价值,,36.8,34.75,36.183416,34.75,-0.0557065217391303,-0.0396152756832025,2025-05-06,2026-05-18,90.715,True,40,theme
sh.600150,中国船舶,C37铁路、船舶、航空航天和其他运输设备制造业,C37铁路、船舶、航空航天和其他运输设备制造业,VALUE,基本价值线,29.59,100.0,100.0,64.8,26.7,81.9,80.3,55.7,68.0,"价值线=98.11, 现价/价值=0.30, 扣非EPS=0.69, akshare东方财富扣非净利润同比=1156.9%, 市值=1317.4亿",-0.0367838541666666,-0.1177698270721526,1317.3564489130438,98.10818628306563,0.3016058202791126,0.69,0.69,1.0,年报扣非EPS,,,,,低估价值,深度低估,80.3,低估价值,,29.59,38.17,29.35014346,38.17,0.2899628252788104,0.3005047165108474,2025-05-06,2026-05-18,90.692,True,41,theme
sz.000581,威孚高科,C36汽车制造业,C36汽车制造业,VALUE,基本价值线,19.96,99.2,99.2,62.7,56.5,65.6,80.6,62.8,71.7,"价值线=35.92, 现价/价值=0.56, 扣非EPS=1.62, akshare东方财富扣非净利润同比=-1.1%, 市值=194.6亿",-0.0580462482302973,0.113218070273285,194.5618836071185,35.91579911787731,0.5557442821887482,1.62,1.62,1.0,年报扣非EPS,,,,,低估价值,深度低估,80.6,低估价值,,19.96,19.9,18.98571248,19.9,-0.0030060120240481,0.048156608342359,2025-05-06,2026-05-18,90.427,True,42,theme
sz.300181,佐力药业,C27医药制造业,医药医疗,PE,PE低估,15.81,100.0,100.0,94.0,34.8,61.4,88.1,68.7,78.4,"PE=20.29, 低估均值=48.06, 比值=0.42, 分位=4%",-0.0423985463355542,0.0675219446320054,,,,,,,,20.290523,48.06083728571429,0.422184134649506,0.0355102040816326,低估价值,价值线内/历史低位,88.1,低估价值,,15.81,14.57,15.24705333,14.57,-0.0784313725490196,-0.0444055198959548,2025-05-06,2026-05-18,90.365,True,43,theme
sz.000568,泸州老窖,C15酒、饮料和精制茶制造业,消费,PE,PE低估,125.47,98.5,98.5,77.8,36.9,82.4,85.6,65.2,75.4,"PE=13.69, 低估均值=22.19, 比值=0.62, 分位=5%",-0.0326883046796701,0.1024514541780159,,,,,,,,13.688724,22.1939747,0.6167765884674997,0.050204081632653,低估价值,价值线内/历史低位,85.6,低估价值,,125.47,89.97,119.66023712,89.97,-0.2829361600382561,-0.248121162339211,2025-05-06,2026-05-18,89.859,True,44,theme
sz.002156,通富微电,C39计算机、通信和其他电子设备制造业,半导体/电子,VALUE,基本价值线,26.2,100.0,100.0,65.2,27.3,79.0,80.2,55.8,68.0,"价值线=52.49, 现价/价值=0.50, 扣非EPS=0.41, akshare东方财富扣非净利润同比=944.1%, 市值=396.9亿",-0.025297619047619,-0.0956161546427338,396.88987809960986,52.48981173407377,0.4991444841283792,0.41,0.41,1.0,年报扣非EPS,,,,,低估价值,深度低估,80.2,低估价值,,26.2,58.07,26.1550146,58.07,1.2164122137404585,1.2202243389304015,2025-05-06,2026-05-18,89.77,True,45,theme
sz.300927,江天化学,C26化学原料和化学制品制造业,C26化学原料和化学制品制造业,PB,PB低估,25.21,21.3,21.3,100.0,65.0,65.6,49.8,78.7,64.2,"PB=3.77, 低估均值=3.13, 比值=1.21, 分位=46%",-0.0792549306062818,0.397450110864745,,,,,,,,3.773402,3.1310792,1.2051442199226388,0.462200956937799,高质量趋势,估值有约束的高质量,78.7,高质量趋势,,25.21,28.29,25.13147085,28.29,0.1221737405791352,0.1256802345096328,2025-05-06,2026-05-18,89.239,True,46,theme
sh.600114,东睦股份,C33金属制品业,资源金属,VALUE,基本价值线,21.14,52.6,52.6,77.8,61.4,62.1,0.0,0.0,0.0,"Q1价值线=20.02, 现价/价值=1.06, akshare东方财富扣非净利润同比=153.6%, 市值=131.2亿",0.0163461538461537,0.1533006001091108,131.1931173291246,20.024642022203235,1.0556992717552731,0.61,0.61,1.0,年报扣非EPS,,,,,财报后主线候选,价值线附近/业绩强,78.2,财报后主线候选,1.53616799772594,21.14,32.11,20.82896718,32.11,0.5189214758751182,0.5416030820208917,2025-05-06,2026-05-18,89.092,True,47,theme
sh.688123,聚辰股份,C39计算机、通信和其他电子设备制造业,半导体/电子,VALUE,基本价值线,74.91,37.0,37.0,92.5,55.0,60.6,0.0,0.0,0.0,"Q1价值线=63.89, 现价/价值=1.17, akshare东方财富扣非净利润同比=198.9%, 市值=118.4亿",-0.0610428678866884,0.085180356366797,118.3830288761012,63.89293097841034,1.1724301711141154,1.67,1.67,1.0,年报扣非EPS,,,,,财报后主线候选,价值线附近/业绩强,79.2,财报后主线候选,1.98877302124553,74.91,159.57,74.47844349,159.57,1.1301561874249098,1.1424991248833627,2025-05-06,2026-05-18,88.617,True,48,theme
sz.002273,水晶光电,C39计算机、通信和其他电子设备制造业,半导体/电子,VALUE,基本价值线,20.04,54.8,54.8,80.0,45.5,78.2,0.0,0.0,0.0,"Q1价值线=19.29, 现价/价值=1.04, akshare东方财富扣非净利润同比=82.8%, 市值=273.5亿",-0.1264167393199652,-0.0895047705588369,273.5150684861657,19.29160285744761,1.0387939326805835,0.7,0.7,1.0,年报扣非EPS,,,,,财报后主线候选,价值线附近/业绩强,77.7,财报后主线候选,0.82836225140866,20.04,37.3,19.76002116,37.3,0.8612774451097804,0.8876498004721769,2025-05-06,2026-05-18,87.568,True,49,theme
sh.603160,汇顶科技,C39计算机、通信和其他电子设备制造业,半导体/电子,VALUE,基本价值线,71.49,58.8,58.8,85.8,26.5,57.6,0.0,0.0,0.0,"Q1价值线=70.83, 现价/价值=1.01, akshare东方财富扣非净利润同比=322.3%, 市值=324.4亿",-0.0401450053705694,-0.105927963981991,324.36572831591707,70.83153217141566,1.0092962527902236,1.23,1.23,1.0,年报扣非EPS,,,,,财报后主线候选,价值线附近/业绩强,78.1,财报后主线候选,3.22344147102794,71.49,64.86,70.53889704,64.86,-0.0927402433906839,-0.0805073126785594,2025-05-06,2026-05-18,86.786,True,50,theme
