code,name,industry,theme,method,method_name,close,valuation_score,raw_valuation_score,quality_score,trend_score,liquidity_score,low_value_score,high_quality_score,core_score,valuation_ref,ret20_at_buy,ret60_at_buy,mktcap,value_line,price_to_value,eps_excl,eps_excl_raw,eps_adjustment_factor,eps_excl_source,current_valuation,low_avg,pepb_ratio,valuation_percentile,selection_bucket,valuation_state,total_score,selection_mode,buy_close_raw,end_close_raw,buy_close_qfq,end_close_qfq,buy_trade_date,end_trade_date,raw_return,qfq_return,earnings_yoy,theme_momentum_score,relative_ret20,relative_ret60,volume_ratio_20_120
sz.300475,香农芯创,F51批发业,半导体/电子,VALUE,基本价值线,188.88,100.0,100.0,90.8,100.0,100.0,96.8,95.4,72.1,"2026Q1价值线=1002.06, 现价/价值=0.19, akshare东方财富扣非净利润同比=8675.3%, 市值=867.5亿",0.2045918367346937,0.3758741258741258,867.4504279383507,1002.057274357758,0.18849221978959,1.13,1.13,1.0,年报扣非EPS,,,,,价值线左侧确认,基本价值线左侧,96.8,价值线左侧确认,188.88,287.8,188.88,287.8,2026-05-19,2026-06-22,0.523718763235917,0.523718763235917,86.752584446244,,,,
sh.688025,杰普特,C39计算机、通信和其他电子设备制造业,半导体/电子,VALUE,基本价值线,405.9,50.0,0.0,100.0,100.0,87.8,0.0,95.0,0.0,"半导体/电子右侧动量, 20/60日涨幅=43.6%/83.7%, 相对60日=82.7%, 量能20/120=1.64, 市值=386.0亿",0.4358992500353755,0.8366515837104072,386.0343200726936,106.73796935827043,3.802770489642535,2.84,2.84,1.0,年报扣非EPS,,,,,主题右侧动量,主题右侧确认,95.0,主题右侧动量,405.9,442.67,405.0342153,442.67,2026-05-19,2026-06-22,0.09058881497905902,0.09292001336757183,,95.0,0.4077918194911145,0.826680416133523,1.6407149072064218
sh.688150,莱特光电,C39计算机、通信和其他电子设备制造业,半导体/电子,VALUE,基本价值线,64.66,50.0,0.0,40.2,100.0,76.5,0.0,95.0,0.0,"半导体/电子右侧动量, 20/60日涨幅=30.5%/125.3%, 相对60日=124.3%, 量能20/120=1.76, 市值=261.7亿",0.3046811945117029,1.2529616724738677,261.706944625451,8.716251555291876,7.418326512242884,0.51,0.51,1.0,年报扣非EPS,,,,,主题右侧动量,主题右侧确认,95.0,主题右侧动量,64.66,60.75,64.49246594,60.75,2026-05-19,2026-06-22,-0.06047015156201663,-0.05802950601209411,,95.0,0.2765737639674419,1.2429905048969836,1.763966113204344
sh.688300,联瑞新材,C39计算机、通信和其他电子设备制造业,半导体/电子,VALUE,基本价值线,124.51,50.0,0.0,65.5,100.0,77.9,0.0,95.0,0.0,"半导体/电子右侧动量, 20/60日涨幅=35.4%/99.0%, 相对60日=98.0%, 量能20/120=1.75, 市值=301.8亿",0.3542527735479661,0.9896132949824226,301.81086360477616,19.1807153115211,6.49141588193073,1.09,1.09,1.0,年报扣非EPS,,,,,主题右侧动量,主题右侧确认,95.0,主题右侧动量,124.51,272.54,124.13846216,272.54,2026-05-19,2026-06-22,1.1889004899204885,1.1954517178465425,,95.0,0.3261453430037051,0.9796421274055384,1.7514609586212024
sh.688400,凌云光,C39计算机、通信和其他电子设备制造业,半导体/电子,VALUE,基本价值线,67.7,50.0,0.0,61.8,100.0,85.0,0.0,95.0,0.0,"半导体/电子右侧动量, 20/60日涨幅=40.4%/52.5%, 相对60日=51.5%, 量能20/120=1.73, 市值=308.1亿",0.403690648973668,0.5254619197836863,308.1053453148148,29.769516256813358,2.2741383976807312,0.27,0.27,1.0,年报扣非EPS,,,,,主题右侧动量,主题右侧确认,95.0,主题右侧动量,67.7,68.21,67.7,68.21,2026-05-19,2026-06-22,0.007533234859674831,0.007533234859674831,,95.0,0.375583218429407,0.5154907522068022,1.7277017369391805
sh.688519,南亚新材,C39计算机、通信和其他电子设备制造业,半导体/电子,VALUE,基本价值线,185.5,50.0,0.0,79.2,100.0,83.8,0.0,95.0,0.0,"半导体/电子右侧动量, 20/60日涨幅=20.2%/91.2%, 相对60日=90.2%, 量能20/120=1.63, 市值=416.9亿",0.2018140589569161,0.9123711340206186,416.9301818813918,101.83173831253964,1.821632460310828,0.97,0.97,1.0,年报扣非EPS,,,,,主题右侧动量,主题右侧确认,95.0,主题右侧动量,185.5,375.65,185.5,375.65,2026-05-19,2026-06-22,1.0250673854447436,1.0250673854447436,,95.0,0.1737066284126551,0.9023999664437344,1.632541864030184
sh.688525,佰维存储,C39计算机、通信和其他电子设备制造业,半导体/电子,VALUE,基本价值线,313.43,50.0,16.9,92.5,96.6,100.0,0.0,95.0,0.0,"半导体/电子右侧动量, 20/60日涨幅=9.3%/94.7%, 相对60日=93.7%, 量能20/120=1.76, 市值=1430.7亿",0.0928521617852162,0.9466492764424572,1430.7415942084897,277.03832150965945,1.131359727751858,1.72,1.72,1.0,年报扣非EPS,,,,,主题右侧动量,主题右侧确认,95.0,主题右侧动量,313.43,406.31,313.23630026,406.31,2026-05-19,2026-06-22,0.29633410968956375,0.2971357395766221,,95.0,0.0647447312409552,0.9366781088655732,1.7608722457458716
sh.688548,广钢气体,C39计算机、通信和其他电子设备制造业,半导体/电子,VALUE,基本价值线,34.78,50.0,0.0,60.0,100.0,82.6,0.0,95.0,0.0,"半导体/电子右侧动量, 20/60日涨幅=33.7%/61.7%, 相对60日=60.7%, 量能20/120=1.88, 市值=447.7亿",0.3371780084582851,0.6169223616922361,447.73916706114,7.90083160655958,4.402068254577693,0.2,0.2,1.0,年报扣非EPS,,,,,主题右侧动量,主题右侧确认,95.0,主题右侧动量,34.78,38.38,34.78,38.38,2026-05-19,2026-06-22,0.1035077630822312,0.1035077630822312,,95.0,0.3090705779140241,0.606951194115352,1.8822161519227385
sh.688630,芯碁微装,C35专用设备制造业,半导体/电子,VALUE,基本价值线,279.3,50.0,0.0,92.5,100.0,88.9,0.0,95.0,0.0,"半导体/电子右侧动量, 20/60日涨幅=17.9%/68.4%, 相对60日=67.4%, 量能20/120=1.57, 市值=365.8亿",0.1793767418292375,0.6837472871955632,365.77533589929385,61.47694320670893,4.54316668056977,2.11,2.11,1.0,年报扣非EPS,,,,,主题右侧动量,主题右侧确认,95.0,主题右侧动量,279.3,488.0,279.3,488.0,2026-05-19,2026-06-22,0.7472252058718223,0.7472252058718223,,95.0,0.1512693112849765,0.6737761196186791,1.5701925815734918
sh.688629,华丰科技,C39计算机、通信和其他电子设备制造业,半导体/电子,VALUE,基本价值线,147.24,50.0,0.0,65.5,97.6,100.0,0.0,95.0,0.0,"半导体/电子右侧动量, 20/60日涨幅=11.6%/55.1%, 相对60日=54.1%, 量能20/120=1.63, 市值=675.9亿",0.1164695177434032,0.5507109004739337,675.9076551451,34.63290141957221,4.251448592660786,0.72,0.72,1.0,年报扣非EPS,,,,,主题右侧动量,主题右侧确认,95.0,主题右侧动量,147.24,147.59,147.24,147.59,2026-05-19,2026-06-22,0.0023770714479760535,0.0023770714479760535,,95.0,0.0883620871991421,0.5407397328970496,1.6269347841923671
sh.688668,鼎通科技,C39计算机、通信和其他电子设备制造业,半导体/电子,VALUE,基本价值线,279.98,50.0,0.0,100.0,100.0,88.1,0.0,95.0,0.0,"半导体/电子右侧动量, 20/60日涨幅=35.1%/78.4%, 相对60日=77.4%, 量能20/120=1.54, 市值=388.4亿",0.3510592095739036,0.7836529273109514,388.3822581459488,39.7148510581744,7.049755759876442,1.6,1.6,1.0,年报扣非EPS,,,,,主题右侧动量,主题右侧确认,95.0,主题右侧动量,279.98,406.07,279.58046854,406.07,2026-05-19,2026-06-22,0.4503535966854775,0.45242620888555707,,95.0,0.3229517790296425,0.7736817597340673,1.5438120562928648
sh.688800,瑞可达,C39计算机、通信和其他电子设备制造业,半导体/电子,VALUE,基本价值线,139.3,50.0,0.0,61.5,100.0,86.6,0.0,95.0,0.0,"半导体/电子右侧动量, 20/60日涨幅=44.1%/71.6%, 相对60日=70.6%, 量能20/120=1.57, 市值=284.7亿",0.44068673078912,0.7155172413793105,284.68820484989703,22.059248581861592,6.314811652947265,1.36,1.36,1.0,年报扣非EPS,,,,,主题右侧动量,主题右侧确认,95.0,主题右侧动量,139.3,97.91,99.3913858,97.91,2026-05-19,2026-06-22,-0.2971284996410626,-0.014904569325362993,,95.0,0.412579300244859,0.7055460738024264,1.5683750053468484
sz.300620,光库科技,C39计算机、通信和其他电子设备制造业,半导体/电子,VALUE,基本价值线,269.93,50.0,0.0,76.5,99.5,100.0,0.0,95.0,0.0,"半导体/电子右侧动量, 20/60日涨幅=16.8%/49.2%, 相对60日=48.2%, 量能20/120=1.31, 市值=672.7亿",0.168224703540206,0.4917380491848577,672.6570070257053,45.97206147466151,5.871609654676411,0.5616,0.5616,1.0,年报扣非EPS,,,,,主题右侧动量,主题右侧确认,95.0,主题右侧动量,269.93,391.98,269.93,391.98,2026-05-19,2026-06-22,0.4521542622161301,0.4521542622161301,,95.0,0.140117272995945,0.4817668816079736,1.3071307543080988
sz.300661,圣邦股份,C39计算机、通信和其他电子设备制造业,半导体/电子,VALUE,基本价值线,112.6,50.0,0.0,72.3,100.0,100.0,0.0,95.0,0.0,"半导体/电子右侧动量, 20/60日涨幅=44.9%/62.5%, 相对60日=61.5%, 量能20/120=1.97, 市值=695.1亿",0.4489769656414877,0.6250541203636886,695.1457238046202,29.23564649747999,3.851462631746684,0.6926,0.6926,1.0,年报扣非EPS,,,,,主题右侧动量,主题右侧确认,95.0,主题右侧动量,112.6,136.81,112.6,136.81,2026-05-19,2026-06-22,0.21500888099467153,0.21500888099467153,,95.0,0.4208695350972267,0.6150829527868045,1.9708278094239664
sz.300666,江丰电子,C39计算机、通信和其他电子设备制造业,半导体/电子,VALUE,基本价值线,213.93,50.0,0.0,89.0,100.0,96.8,0.0,95.0,0.0,"半导体/电子右侧动量, 20/60日涨幅=38.9%/61.8%, 相对60日=60.8%, 量能20/120=1.53, 市值=566.9亿",0.3887049659201558,0.6182299546142211,566.9063962529492,38.176570557458746,5.603698731346717,1.36,1.36,1.0,年报扣非EPS,,,,,主题右侧动量,主题右侧确认,95.0,主题右侧动量,213.93,308.75,213.50449323,308.75,2026-05-19,2026-06-22,0.44322909362875706,0.44610539726391485,,95.0,0.3605975353758948,0.608258787037337,1.5315697428786332
sh.688035,德邦科技,C39计算机、通信和其他电子设备制造业,半导体/电子,VALUE,基本价值线,86.84,50.0,0.0,56.7,100.0,73.8,0.0,94.8,0.0,"半导体/电子右侧动量, 20/60日涨幅=38.1%/68.6%, 相对60日=67.6%, 量能20/120=1.85, 市值=121.9亿",0.3812629234929221,0.68555900621118,121.90500755240564,25.31609675476367,3.4302286344224657,0.71,0.71,1.0,年报扣非EPS,,,,,主题右侧动量,主题右侧确认,94.8,主题右侧动量,86.84,100.61,86.68446956,100.61,2026-05-19,2026-06-22,0.15856748042376778,0.16064619776396305,,94.8,0.3531554929486611,0.675587838634296,1.8532583569771144
sh.688313,仕佳光子,C39计算机、通信和其他电子设备制造业,AI算力/CPO,VALUE,基本价值线,173.31,50.0,0.0,55.9,85.0,100.0,0.0,94.5,0.0,"AI算力/CPO右侧动量, 20/60日涨幅=50.8%/100.6%, 相对60日=99.6%, 量能20/120=1.76, 市值=783.3亿",0.5084863782748716,1.0059027777777776,783.3322953936815,13.213931562237857,13.115702861310185,0.8206,0.8206,1.0,年报扣非EPS,,,,,主题右侧动量,主题右侧确认,94.5,主题右侧动量,173.31,182.55,172.96719282,182.55,2026-05-19,2026-06-22,0.05331486930933016,0.05540245536604416,,94.5,0.4803789477306106,0.9959316102008936,1.7630398753004324
sz.300408,三环集团,C39计算机、通信和其他电子设备制造业,半导体/电子,VALUE,基本价值线,96.54,50.0,0.0,92.0,85.0,98.3,0.0,94.4,0.0,"半导体/电子右侧动量, 20/60日涨幅=48.4%/70.1%, 相对60日=69.1%, 量能20/120=1.81, 市值=1839.9亿",0.4836330106039652,0.7011453744493392,1839.9397876853643,30.66333150370064,3.148385881956401,1.18,1.18,1.0,年报扣非EPS,,,,,主题右侧动量,主题右侧确认,94.4,主题右侧动量,96.54,156.11,96.54,156.11,2026-05-19,2026-06-22,0.6170499274911954,0.6170499274911954,,94.4,0.4555255800597042,0.6911742068724551,1.8119771335421608
sz.300054,鼎龙股份,C39计算机、通信和其他电子设备制造业,半导体/电子,VALUE,基本价值线,77.01,50.0,0.0,80.5,85.0,97.9,0.0,94.3,0.0,"半导体/电子右侧动量, 20/60日涨幅=48.7%/73.2%, 相对60日=72.2%, 量能20/120=1.93, 市值=724.7亿",0.4872537659327927,0.7317292556779853,724.6902733459167,18.377941497825248,4.19034961065215,0.72,0.72,1.0,年报扣非EPS,,,,,主题右侧动量,主题右侧确认,94.3,主题右侧动量,77.01,91.4,76.91889717,91.4,2026-05-19,2026-06-22,0.18685884950006493,0.18826456648221357,,94.3,0.4591463353885316,0.7217580881011012,1.9277400094048636
sz.300567,精测电子,C40仪器仪表制造业,半导体/电子,VALUE,基本价值线,187.5,50.0,0.0,25.6,100.0,90.8,0.0,93.8,0.0,"半导体/电子右侧动量, 20/60日涨幅=43.8%/42.5%, 相对60日=41.5%, 量能20/120=1.33, 市值=551.7亿",0.437883435582822,0.4253135689851766,551.70025546875,15.795987265367264,11.870103264206485,0.08,0.08,1.0,年报扣非EPS,,,,,主题右侧动量,主题右侧确认,93.8,主题右侧动量,187.5,213.8,187.3216875,213.8,2026-05-19,2026-06-22,0.14026666666666676,0.1413520925066405,,93.8,0.409776005038561,0.4153424014082925,1.3304312973924992
sz.300870,欧陆通,C39计算机、通信和其他电子设备制造业,半导体/电子,VALUE,基本价值线,410.51,50.0,0.0,57.5,99.2,92.7,0.0,93.7,0.0,"半导体/电子右侧动量, 20/60日涨幅=15.8%/72.2%, 相对60日=71.2%, 量能20/120=1.34, 市值=431.0亿",0.1580298456938136,0.7217934737018707,430.9855085909505,16.90678056600798,24.28079068024063,2.14,2.14,1.0,年报扣非EPS,,,,,主题右侧动量,主题右侧确认,93.7,主题右侧动量,410.51,380.0,293.00767015,380.0,2026-05-19,2026-06-22,-0.07432218459964435,0.2968943775617403,,93.7,0.1299224151495526,0.7118223061249866,1.3409944212608265
sh.688146,中船特气,C39计算机、通信和其他电子设备制造业,半导体/电子,VALUE,基本价值线,126.13,50.0,0.0,55.0,85.0,93.9,0.0,93.5,0.0,"半导体/电子右侧动量, 20/60日涨幅=98.6%/182.2%, 相对60日=181.2%, 量能20/120=3.21, 市值=665.9亿",0.9859864588253816,1.822331617811591,665.8613648500955,16.96490163622725,7.434761645222807,0.45,0.45,1.0,年报扣非EPS,,,,,主题右侧动量,主题右侧确认,93.5,主题右侧动量,126.13,389.99,126.05192553,389.99,2026-05-19,2026-06-22,2.091968603821454,2.0938837178427985,,93.5,0.9578790282811208,1.8123604502347068,3.211550306470357
sz.300042,朗科科技,C39计算机、通信和其他电子设备制造业,半导体/电子,VALUE,基本价值线,72.22,50.0,0.0,43.2,85.0,93.5,0.0,93.5,0.0,"半导体/电子右侧动量, 20/60日涨幅=46.2%/119.0%, 相对60日=118.1%, 量能20/120=2.08, 市值=144.7亿",0.4619433198380567,1.190476190476191,144.70418706447393,16.503846461858767,4.37594958041473,0.1283,0.1283,1.0,年报扣非EPS,,,,,主题右侧动量,主题右侧确认,93.5,主题右侧动量,72.22,73.72,72.1376692,73.72,2026-05-19,2026-06-22,0.020769869842149014,0.021934875600333248,,93.5,0.4338358892937957,1.1805050228993066,2.0844221405690626
sh.688268,华特气体,C39计算机、通信和其他电子设备制造业,半导体/电子,VALUE,基本价值线,176.44,50.0,0.0,45.5,85.0,92.6,0.0,93.3,0.0,"半导体/电子右侧动量, 20/60日涨幅=87.6%/175.6%, 相对60日=174.6%, 量能20/120=2.80, 市值=210.8亿",0.8760233918128655,1.7564443055772534,210.8150515244313,23.74250901515568,7.431396567539352,1.02,1.02,1.0,年报扣非EPS,,,,,主题右侧动量,主题右侧确认,93.3,主题右侧动量,176.44,219.06,176.44,219.06,2026-05-19,2026-06-22,0.2415552029018364,0.2415552029018364,,93.3,0.8479159612686045,1.7464731380003693,2.8011768658902363
sz.300953,震裕科技,C33金属制品业,资源金属,VALUE,基本价值线,241.69,0.0,0.0,100.0,99.3,88.5,48.8,93.0,70.9,"价值线=149.07, 现价/价值=1.62, 扣非EPS=2.94, akshare东方财富扣非净利润同比=314.3%, 市值=407.8亿",0.1627537765803905,0.3401164402550596,407.75870739341394,149.07134267940583,1.6213042403447098,2.94,2.94,1.0,年报扣非EPS,,,,,高质量趋势,估值有约束的高质量,93.0,高质量趋势,241.69,140.8,172.6754205,140.8,2026-05-19,2026-06-22,-0.4174355579461293,-0.18459732374012083,,,,,
sz.300657,弘信电子,C39计算机、通信和其他电子设备制造业,半导体/电子,VALUE,基本价值线,52.08,50.0,0.0,52.8,85.0,90.1,0.0,92.8,0.0,"半导体/电子右侧动量, 20/60日涨幅=47.7%/65.4%, 相对60日=64.4%, 量能20/120=1.86, 市值=253.8亿",0.4774468085106382,0.6538583677357892,253.8188365488,14.950586818565004,3.483475306489593,0.21,0.21,1.0,年报扣非EPS,,,,,主题右侧动量,主题右侧确认,92.8,主题右侧动量,52.08,46.46,52.08,46.46,2026-05-19,2026-06-22,-0.10791090629800304,-0.10791090629800304,,92.8,0.4493393779663772,0.6438872001589051,1.8592484980312889
sh.688008,澜起科技,C39计算机、通信和其他电子设备制造业,半导体/电子,VALUE,基本价值线,247.11,50.0,0.0,82.6,85.0,100.0,0.0,92.1,0.0,"半导体/电子右侧动量, 20/60日涨幅=63.6%/39.2%, 相对60日=38.2%, 量能20/120=2.20, 市值=2806.5亿",0.6364900662251656,0.3921690140845071,2806.5431274776597,38.44110428130944,6.428275269921111,1.78,1.78,1.0,年报扣非EPS,,,,,主题右侧动量,主题右侧确认,92.1,主题右侧动量,247.11,280.05,247.11,280.05,2026-05-19,2026-06-22,0.1333009590870462,0.1333009590870462,,92.1,0.6083826356809046,0.382197846507623,2.1990634865824834
sh.688372,伟测科技,M74专业技术服务业,M74专业技术服务业,VALUE,基本价值线,171.35,0.0,0.0,100.0,96.9,88.2,48.5,92.1,70.3,"价值线=96.10, 现价/价值=1.78, 扣非EPS=1.53, akshare东方财富扣非净利润同比=365.2%, 市值=253.8亿",0.0983974358974357,0.3687195462896397,253.77392455222875,96.10467216246474,1.782951818516515,1.53,1.53,1.0,年报扣非EPS,,,,,高质量趋势,估值有约束的高质量,92.1,高质量趋势,171.35,162.21,171.35,162.21,2026-05-19,2026-06-22,-0.05334111467756042,-0.05334111467756042,,,,,
sh.688205,德科立,C39计算机、通信和其他电子设备制造业,半导体/电子,VALUE,基本价值线,258.0,50.0,0.0,56.2,95.8,100.0,0.0,92.0,0.0,"半导体/电子右侧动量, 20/60日涨幅=7.1%/51.8%, 相对60日=50.8%, 量能20/120=1.46, 市值=401.2亿",0.0713840787342718,0.5176470588235293,401.2146648,18.32506057019637,14.079080339827506,0.25,0.25,1.0,年报扣非EPS,,,,,主题右侧动量,主题右侧确认,92.0,主题右侧动量,258.0,245.77,258.0,245.77,2026-05-19,2026-06-22,-0.04740310077519372,-0.04740310077519372,,92.0,0.0432766481900108,0.5076758912466453,1.4555118444121835
sh.688143,长盈通,C39计算机、通信和其他电子设备制造业,半导体/电子,VALUE,基本价值线,131.6,50.0,0.0,22.5,85.0,84.1,0.0,91.6,0.0,"半导体/电子右侧动量, 20/60日涨幅=104.8%/102.9%, 相对60日=101.9%, 量能20/120=2.00, 市值=164.0亿",1.0479302832244004,1.028985507246377,164.042466938,11.08453128922491,11.87240096727646,0.1,0.1,1.0,年报扣非EPS,,,,,主题右侧动量,主题右侧确认,91.6,主题右侧动量,131.6,218.0,131.6,218.0,2026-05-19,2026-06-22,0.6565349544072949,0.6565349544072949,,91.6,1.0198228526801394,1.0190143396694928,1.9997325551037397
sh.688545,兴福电子,C39计算机、通信和其他电子设备制造业,半导体/电子,VALUE,基本价值线,87.3,50.0,0.0,64.8,85.0,82.2,0.0,91.2,0.0,"半导体/电子右侧动量, 20/60日涨幅=67.1%/50.4%, 相对60日=49.4%, 量能20/120=2.57, 市值=309.4亿",0.6708133971291865,0.5038759689922481,309.4156553013818,15.55772121046056,5.61136163960195,0.55,0.55,1.0,年报扣非EPS,,,,,主题右侧动量,主题右侧确认,91.2,主题右侧动量,87.3,113.6,87.049449,113.6,2026-05-19,2026-06-22,0.3012600229095075,0.30500538837414126,,91.2,0.6427059665849255,0.4939048014153639,2.5743007269098963
sh.688401,路维光电,C39计算机、通信和其他电子设备制造业,半导体/电子,VALUE,基本价值线,71.17,50.0,0.0,87.8,100.0,72.3,0.0,90.9,0.0,"半导体/电子右侧动量, 20/60日涨幅=30.3%/37.1%, 相对60日=36.1%, 量能20/120=2.04, 市值=136.6亿",0.3034798534798535,0.3710267771142364,136.59529696865252,25.69742745505672,2.7695379284355264,1.2,1.2,1.0,年报扣非EPS,,,,,主题右侧动量,主题右侧确认,90.9,主题右侧动量,71.17,80.5,70.77600288,80.5,2026-05-19,2026-06-22,0.13109456231558236,0.13739115977610306,,90.9,0.2753724229355925,0.3610556095373523,2.042191414300196
sh.688766,普冉股份,C39计算机、通信和其他电子设备制造业,半导体/电子,VALUE,基本价值线,423.77,50.0,0.0,75.5,85.0,96.4,0.0,90.9,0.0,"半导体/电子右侧动量, 20/60日涨幅=59.8%/62.1%, 相对60日=61.1%, 量能20/120=1.36, 市值=624.8亿",0.5980466098499131,0.6208452859055269,624.8460936198732,165.3401924084834,2.5630186697318544,1.12,1.12,1.0,年报扣非EPS,,,,,主题右侧动量,主题右侧确认,90.9,主题右侧动量,423.77,670.31,423.64880178,670.31,2026-05-19,2026-06-22,0.581777851192864,0.5822303690784205,,90.9,0.5699391793056521,0.6108741183286428,1.3572019245521425
sz.300136,信维通信,C39计算机、通信和其他电子设备制造业,半导体/电子,VALUE,基本价值线,111.0,50.0,0.0,79.4,85.0,100.0,0.0,90.8,0.0,"半导体/电子右侧动量, 20/60日涨幅=59.0%/40.9%, 相对60日=39.9%, 量能20/120=1.50, 市值=1057.2亿",0.5902578796561606,0.4086294416243654,1057.187221068542,22.074786146634537,5.028361283442049,0.6755,0.6755,1.0,年报扣非EPS,,,,,主题右侧动量,主题右侧确认,90.8,主题右侧动量,111.0,99.32,110.949384,99.32,2026-05-19,2026-06-22,-0.10522522522522526,-0.10481702178716024,,90.8,0.5621504491118996,0.3986582740474813,1.5001204013242089
sz.300814,中富电路,C39计算机、通信和其他电子设备制造业,半导体/电子,VALUE,基本价值线,130.29,50.0,0.0,66.0,100.0,79.8,0.0,90.6,0.0,"半导体/电子右侧动量, 20/60日涨幅=33.1%/52.0%, 相对60日=51.0%, 量能20/120=1.03, 市值=248.5亿",0.3305759803921568,0.5203033838973161,248.5435976134285,10.692793945912948,12.184841553951395,0.14,0.14,1.0,年报扣非EPS,,,,,主题右侧动量,主题右侧确认,90.6,主题右侧动量,130.29,197.0,130.29,197.0,2026-05-19,2026-06-22,0.5120116662829075,0.5120116662829075,,90.6,0.3024685498478958,0.510332216320432,1.0325682455492364
sz.300835,龙磁科技,C39计算机、通信和其他电子设备制造业,半导体/电子,VALUE,基本价值线,113.27,50.0,0.0,43.9,100.0,68.8,0.0,90.6,0.0,"半导体/电子右侧动量, 20/60日涨幅=19.2%/46.8%, 相对60日=45.8%, 量能20/120=1.38, 市值=135.3亿",0.1923157894736842,0.4683691988592169,135.31129754762725,18.214601087949987,6.218637424617257,0.77,0.77,1.0,年报扣非EPS,,,,,主题右侧动量,主题右侧确认,90.6,主题右侧动量,113.27,195.26,113.27,195.26,2026-05-19,2026-06-22,0.7238456784673788,0.7238456784673788,,90.6,0.1642083589294232,0.4583980312823328,1.378645884617881
sh.688661,和林微纳,C39计算机、通信和其他电子设备制造业,半导体/电子,VALUE,基本价值线,125.94,50.0,0.0,16.6,85.0,79.1,0.0,90.3,0.0,"半导体/电子右侧动量, 20/60日涨幅=47.6%/50.2%, 相对60日=49.2%, 量能20/120=1.76, 市值=191.3亿",0.4759170280089067,0.5023261362280806,191.27843527272728,7.094701677104609,17.75127492765797,0.165,0.165,1.0,年报扣非EPS,,,,,主题右侧动量,主题右侧确认,90.3,主题右侧动量,125.94,148.1,125.85385704,148.1,2026-05-19,2026-06-22,0.1759568048276956,0.1767617098372245,,90.3,0.4478095974646456,0.4923549686511965,1.7603576194482096
sh.688012,中微公司,C35专用设备制造业,半导体/电子,VALUE,基本价值线,479.51,50.0,0.0,100.0,85.0,100.0,0.0,90.1,0.0,"半导体/电子右侧动量, 20/60日涨幅=50.6%/36.8%, 相对60日=35.8%, 量能20/120=1.66, 市值=2984.5亿",0.5055259026687597,0.3681132129304687,2984.5095028757805,78.68672599543783,6.093912206079097,2.49,2.49,1.0,年报扣非EPS,,,,,主题右侧动量,主题右侧确认,90.1,主题右侧动量,479.51,372.74,321.56755767,372.74,2026-05-19,2026-06-22,-0.22266480365372987,0.1591343439642452,,90.1,0.4774184721244987,0.3581420453535846,1.6648208566907208
sh.688603,天承科技,C39计算机、通信和其他电子设备制造业,半导体/电子,VALUE,基本价值线,155.1,50.0,0.0,77.5,85.0,76.1,0.0,90.0,0.0,"半导体/电子右侧动量, 20/60日涨幅=64.7%/110.3%, 相对60日=109.3%, 量能20/120=2.25, 市值=192.4亿",0.6471962616822431,1.1033360455655004,192.39349252915,19.83513152521304,7.819459114896601,0.6,0.6,1.0,年报扣非EPS,,,,,主题右侧动量,主题右侧确认,90.0,主题右侧动量,155.1,187.5,155.1,187.5,2026-05-19,2026-06-22,0.20889748549323017,0.20889748549323017,,90.0,0.6190888311379821,1.0933648779886165,2.246668960118847
sh.688111,金山办公,I65软件和信息技术服务业,资源金属,RIGHT,右侧趋势,255.29,57.1,57.1,100.0,3.5,94.5,0.0,0.0,0.0,"2026Q1价值线=249.85, 现价/价值=1.02, akshare东方财富扣非净利润同比=456.9%, 市值=1179.9亿",0.0112096965855976,-0.1872333651703279,1179.911236318841,249.8458256319364,1.0217901353936718,3.9,3.9,1.0,年报扣非EPS,,,,,财报后主线候选,价值线附近/业绩强,89.3,财报后主线候选,255.29,226.93,255.29,226.93,2026-05-19,2026-06-22,-0.11108934936738601,-0.11108934936738601,4.5690893931156005,,,,
sz.300819,聚杰微纤,C17纺织业,半导体/电子,VALUE,基本价值线,81.16,50.0,0.0,29.0,85.0,74.0,0.0,89.1,0.0,"半导体/电子右侧动量, 20/60日涨幅=60.1%/85.3%, 相对60日=84.3%, 量能20/120=1.73, 市值=121.3亿",0.6011047543894259,0.8529680365296803,121.32640703934445,8.347904915079475,9.722199860397826,0.36,0.36,1.0,年报扣非EPS,,,,,主题右侧动量,主题右侧确认,89.1,主题右侧动量,81.16,71.19,80.98988864,71.19,2026-05-19,2026-06-22,-0.12284376540167574,-0.1210013843031752,,89.1,0.5729973238451649,0.8429968689527962,1.733019561896814
sh.688155,先惠技术,C35专用设备制造业,C35专用设备制造业,VALUE,基本价值线,99.08,55.0,31.8,100.0,89.2,66.8,73.1,89.0,81.0,"价值线=96.44, 现价/价值=1.03, 扣非EPS=2.70, akshare东方财富扣非净利润同比=185.2%, 市值=124.2亿",0.2008241425281782,0.0840262582056892,124.22685222583408,96.43514326322628,1.027426274771578,2.7,2.7,1.0,年报扣非EPS,,,,,高质量趋势,估值有约束的高质量,89.0,高质量趋势,99.08,84.5,98.35205924,84.5,2026-05-19,2026-06-22,-0.14715381509891,-0.14084157817375254,,,,,
sz.300747,锐科激光,C39计算机、通信和其他电子设备制造业,半导体/电子,VALUE,基本价值线,40.46,50.0,0.0,58.7,100.0,82.4,0.0,88.7,0.0,"半导体/电子右侧动量, 20/60日涨幅=24.1%/31.5%, 相对60日=30.5%, 量能20/120=1.56, 市值=227.2亿",0.2411042944785275,0.3153446033810143,227.2476114533646,24.92005586545493,1.6235918658628328,0.1495,0.1495,1.0,年报扣非EPS,,,,,主题右侧动量,主题右侧确认,88.7,主题右侧动量,40.46,55.05,40.41986368,55.05,2026-05-19,2026-06-22,0.3606030647553138,0.3619541232455734,,88.7,0.2129968639342665,0.3053734358041302,1.5571056898242648
sh.688308,欧科亿,C33金属制品业,资源金属,VALUE,基本价值线,113.12,100.0,100.0,66.5,96.4,85.1,88.1,81.4,84.8,"价值线=710.25, 现价/价值=0.16, 扣非EPS=0.46, akshare东方财富扣非净利润同比=14952.4%, 市值=179.2亿",0.0876923076923077,1.1088739746457867,179.1585385968,710.252130492275,0.1592673856840058,0.46,0.46,1.0,年报扣非EPS,,,,,低估价值,深度低估,88.1,低估价值,113.12,200.73,113.12,200.73,2026-05-19,2026-06-22,0.7744872701555867,0.7744872701555867,,,,,
sz.300303,聚飞光电,C39计算机、通信和其他电子设备制造业,半导体/电子,VALUE,基本价值线,10.35,50.0,0.0,23.5,95.8,87.3,0.0,88.1,0.0,"半导体/电子右侧动量, 20/60日涨幅=7.1%/41.2%, 相对60日=40.2%, 量能20/120=1.51, 市值=150.4亿",0.0714285714285714,0.4120054570259208,150.43518932239286,3.43110014567223,3.016525184511104,0.14,0.14,1.0,年报扣非EPS,,,,,主题右侧动量,主题右侧确认,88.1,主题右侧动量,10.35,9.65,10.220625,9.65,2026-05-19,2026-06-22,-0.06763285024154586,-0.05583073442181863,,88.1,0.0433211408843103,0.4020342894490367,1.50663249826824
sz.300843,胜蓝股份,C39计算机、通信和其他电子设备制造业,半导体/电子,VALUE,基本价值线,103.42,50.0,0.0,59.9,85.0,74.4,0.0,87.9,0.0,"半导体/电子右侧动量, 20/60日涨幅=52.1%/77.9%, 相对60日=76.9%, 量能20/120=1.55, 市值=168.0亿",0.521329802883201,0.7788097695218439,167.99106634157314,17.778877612777077,5.817015126178469,0.67,0.67,1.0,年报扣非EPS,,,,,主题右侧动量,主题右侧确认,87.9,主题右侧动量,103.42,133.89,103.31233978,133.89,2026-05-19,2026-06-22,0.2946238638561205,0.2959729717196806,,87.9,0.4932223723389399,0.7688386019449598,1.5457093867175256
sh.688432,有研硅,C39计算机、通信和其他电子设备制造业,半导体/电子,VALUE,基本价值线,21.36,50.0,0.0,17.4,85.0,65.1,0.0,87.8,0.0,"半导体/电子右侧动量, 20/60日涨幅=45.5%/56.1%, 相对60日=55.1%, 量能20/120=1.82, 市值=265.8亿",0.4550408719346048,0.5614035087719298,265.76846570605187,4.587148378439195,4.656487699503601,0.1041,0.1041,1.0,年报扣非EPS,,,,,主题右侧动量,主题右侧确认,87.8,主题右侧动量,21.36,25.34,21.36,25.34,2026-05-19,2026-06-22,0.18632958801498134,0.18632958801498134,,87.8,0.4269334413903438,0.5514323411950457,1.815314747648245
sh.688503,聚和材料,C38电气机械和器材制造业,C38电气机械和器材制造业,VALUE,基本价值线,111.05,0.0,0.0,92.5,95.2,85.1,45.8,87.7,66.7,"价值线=69.55, 现价/价值=1.60, 扣非EPS=1.69, akshare东方财富扣非净利润同比=181.8%, 市值=256.4亿",0.1591858037578288,0.2199274964297484,256.4299734823698,69.54632519456844,1.5967773953450095,1.69,1.69,1.0,年报扣非EPS,,,,,高质量趋势,估值有约束的高质量,87.7,高质量趋势,111.05,97.92,110.57570545,97.92,2026-05-19,2026-06-22,-0.1182350292660963,-0.11445285742013778,,,,,
sh.688378,奥来德,C39计算机、通信和其他电子设备制造业,半导体/电子,VALUE,基本价值线,49.6,50.0,0.0,50.0,100.0,63.4,0.0,87.6,0.0,"半导体/电子右侧动量, 20/60日涨幅=32.1%/34.8%, 相对60日=33.8%, 量能20/120=1.74, 市值=100.2亿",0.3205537806176783,0.3478260869565219,100.176957808,8.304628330004038,5.972573127782094,0.01,0.01,1.0,年报扣非EPS,,,,,主题右侧动量,主题右侧确认,87.6,主题右侧动量,49.6,57.65,49.6,57.65,2026-05-19,2026-06-22,0.16229838709677402,0.16229838709677402,,87.6,0.2924463500734173,0.3378549193796378,1.735403629886312
sz.300236,上海新阳,C39计算机、通信和其他电子设备制造业,半导体/电子,VALUE,基本价值线,103.33,50.0,0.0,84.5,100.0,86.4,0.0,87.3,0.0,"半导体/电子右侧动量, 20/60日涨幅=23.5%/30.6%, 相对60日=29.6%, 量能20/120=1.33, 市值=322.0亿",0.2346755884813001,0.305825856186023,322.0434285081726,33.7791417378656,3.0589883189414957,0.8794,0.8794,1.0,年报扣非EPS,,,,,主题右侧动量,主题右侧确认,87.3,主题右侧动量,103.33,109.11,102.87772459,109.11,2026-05-19,2026-06-22,0.05593728829962252,0.06057944452832298,,87.3,0.2065681579370391,0.2958546886091389,1.3311833415569871
sh.688371,菲沃泰,C39计算机、通信和其他电子设备制造业,半导体/电子,VALUE,基本价值线,36.99,50.0,0.0,15.0,85.0,60.0,0.0,86.8,0.0,"半导体/电子右侧动量, 20/60日涨幅=74.9%/77.2%, 相对60日=76.2%, 量能20/120=3.32, 市值=120.6亿",0.7489361702127662,0.7715517241379313,120.5717428728,3.3879057752514594,10.91824934158758,0.03,0.03,1.0,年报扣非EPS,,,,,主题右侧动量,主题右侧确认,86.8,主题右侧动量,36.99,37.77,36.94143213,37.77,2026-05-19,2026-06-22,0.02108678021086785,0.022429229789581617,,86.8,0.7208287396685051,0.7615805565610472,3.3184328782611057
sz.300457,赢合科技,C35专用设备制造业,C35专用设备制造业,VALUE,基本价值线,28.0,96.9,96.9,75.5,32.9,70.1,86.7,60.8,71.1,"2026Q1价值线=48.98, 现价/价值=0.57, akshare东方财富扣非净利润同比=367.2%, 市值=179.7亿",-0.0007137758743753,-0.00355871886121,179.6997023209756,48.981218122753184,0.5716476860544469,0.82,0.82,1.0,年报扣非EPS,,,,,价值线左侧确认,基本价值线左侧,86.7,价值线左侧确认,28.0,23.61,28.0,23.61,2026-05-19,2026-06-22,-0.1567857142857143,-0.1567857142857143,3.67240741978051,,,,
sh.688059,华锐精密,C33金属制品业,资源金属,VALUE,基本价值线,146.04,75.0,41.5,92.5,99.2,69.7,82.1,90.6,86.4,"价值线=152.16, 现价/价值=0.96, 扣非EPS=2.11, akshare东方财富扣非净利润同比=518.2%, 市值=128.0亿",0.1599682287529784,0.4687720004022928,127.9927399827924,152.15719801607935,0.9597968542018438,2.11,2.11,1.0,年报扣非EPS,,,,,低估且高质量,低估且高质量,86.4,低估且高质量,146.04,211.7,146.04,211.7,2026-05-19,2026-06-22,0.44960284853464794,0.44960284853464794,,,,,
sz.300604,长川科技,C35专用设备制造业,C35专用设备制造业,VALUE,基本价值线,224.05,0.0,0.0,92.5,85.0,100.0,46.2,86.4,66.3,"价值线=149.77, 现价/价值=1.50, 扣非EPS=1.99, akshare东方财富扣非净利润同比=612.3%, 市值=1407.5亿",0.4540203777013434,0.7476599063962561,1407.5283206255554,149.76968498425697,1.4959636192300934,1.99,1.99,1.0,年报扣非EPS,,,,,高质量趋势,估值有约束的高质量,86.4,高质量趋势,224.05,268.49,223.94536865,268.49,2026-05-19,2026-06-22,0.1983485829056013,0.19890847316256832,,,,,
sz.300919,中伟新材,C39计算机、通信和其他电子设备制造业,半导体/电子,VALUE,基本价值线,55.4,53.7,53.7,92.5,57.0,86.3,0.0,0.0,0.0,"2026Q1价值线=52.89, 现价/价值=1.05, akshare东方财富扣非净利润同比=96.9%, 市值=524.6亿",-0.0192954505222163,0.0935649427556257,524.6362756804315,52.89168793469264,1.0474235586582994,1.53,1.53,1.0,年报扣非EPS,,,,,财报后主线候选,价值线附近/业绩强,86.4,财报后主线候选,55.4,51.23,54.9646114,51.23,2026-05-19,2026-06-22,-0.07527075812274375,-0.06794574372266016,0.96865386539782,,,,
sh.688182,灿勤科技,C39计算机、通信和其他电子设备制造业,半导体/电子,VALUE,基本价值线,43.84,50.0,0.0,41.1,100.0,60.6,0.0,86.3,0.0,"半导体/电子右侧动量, 20/60日涨幅=41.2%/34.1%, 相对60日=33.2%, 量能20/120=1.67, 市值=173.7亿",0.4119162640901772,0.3414932680538556,173.69899571657146,7.841151643329198,5.591015452085608,0.21,0.21,1.0,年报扣非EPS,,,,,主题右侧动量,主题右侧确认,86.3,主题右侧动量,43.84,44.43,43.84,44.43,2026-05-19,2026-06-22,0.013458029197080279,0.013458029197080279,,86.3,0.3838088335459162,0.3315221004769715,1.6725485109516962
sz.300811,铂科新材,C39计算机、通信和其他电子设备制造业,半导体/电子,VALUE,基本价值线,100.36,50.0,0.0,73.7,100.0,77.3,0.0,86.0,0.0,"半导体/电子右侧动量, 20/60日涨幅=19.4%/34.7%, 相对60日=33.7%, 量能20/120=1.14, 市值=288.7亿",0.1939091125386627,0.3469332975439536,288.6938169012282,24.368303775225133,4.118464745257913,1.1210526315789473,1.42,1.2666666666666666,年报扣非EPS送转可比口径(原始1.42/月度加权1.2667),,,,,主题右侧动量,主题右侧确认,86.0,主题右侧动量,100.36,100.92,71.571734,100.92,2026-05-19,2026-06-22,0.005579912315663682,0.4100538628839143,,86.0,0.1658016819944017,0.3369621299670695,1.1368051101589545
sz.300679,电连技术,C39计算机、通信和其他电子设备制造业,半导体/电子,VALUE,基本价值线,56.38,50.0,0.0,35.5,80.0,84.8,0.0,84.9,0.0,"半导体/电子右侧动量, 20/60日涨幅=30.4%/33.7%, 相对60日=32.7%, 量能20/120=2.33, 市值=238.9亿",0.3041869072403425,0.3366524419155998,238.94318333124195,16.209936931320605,3.4781134706985437,0.62,0.62,1.0,年报扣非EPS,,,,,主题右侧动量,主题右侧确认,84.9,主题右侧动量,56.38,68.56,56.1392574,68.56,2026-05-19,2026-06-22,0.21603405462930114,0.22124878694957584,,84.9,0.2760794766960814,0.3266812743387157,2.329342574482205
sz.300972,万辰集团,F52零售业,F52零售业,PE,PE低估,222.0,75.0,67.5,100.0,82.4,65.6,81.0,87.4,84.2,"PE=24.50, 低估均值=25.56, 比值=0.96, 分位=7%",0.0546318289786222,0.0451485334965398,,,,,,,,24.504327,25.562253,0.9586137419107776,0.0730964467005076,低估且高质量,低估且高质量,84.2,低估且高质量,222.0,177.0,222.0,177.0,2026-05-19,2026-06-22,-0.20270270270270274,-0.20270270270270274,,,,,
sh.688411,海博思创,C38电气机械和器材制造业,C38电气机械和器材制造业,VALUE,基本价值线,254.63,0.0,0.0,100.0,69.0,87.5,45.7,82.3,64.0,"价值线=154.15, 现价/价值=1.65, 扣非EPS=5.01, akshare东方财富扣非净利润同比=152.3%, 市值=446.4亿",0.0865835964837415,0.1515466714905933,446.42928352359866,154.1476516451379,1.6518577953181002,5.01,5.01,1.0,年报扣非EPS,,,,,高质量趋势,估值有约束的高质量,82.3,高质量趋势,254.63,286.98,253.28377119,286.98,2026-05-19,2026-06-22,0.12704708793150865,0.13303745696649028,,,,,
sz.300739,明阳电路,C39计算机、通信和其他电子设备制造业,半导体/电子,VALUE,基本价值线,29.67,50.0,0.0,51.3,94.2,74.5,0.0,82.2,0.0,"半导体/电子右侧动量, 20/60日涨幅=2.9%/43.8%, 相对60日=42.8%, 量能20/120=1.13, 市值=104.3亿",0.0294934073560029,0.4375,104.34294297744286,10.521900206011756,2.8198328646994626,0.21,0.21,1.0,年报扣非EPS,,,,,主题右侧动量,主题右侧确认,82.2,主题右侧动量,29.67,32.93,29.59950408,32.93,2026-05-19,2026-06-22,0.10987529491068404,0.11251863919741734,,82.2,0.0013859768117419,0.4275288324231159,1.1309297067726976
sh.688002,睿创微纳,C39计算机、通信和其他电子设备制造业,半导体/电子,VALUE,基本价值线,133.26,12.8,12.8,100.0,63.5,86.4,0.0,0.0,0.0,"2026Q1价值线=98.42, 现价/价值=1.35, akshare东方财富扣非净利润同比=253.6%, 市值=597.9亿",0.0609872611464967,0.1609025176409093,597.9210776649932,98.42433878674464,1.3539334034921338,2.35,2.35,1.0,年报扣非EPS,,,,,财报后主线候选,价值线附近/业绩强,80.5,财报后主线候选,133.26,149.5,133.26,149.5,2026-05-19,2026-06-22,0.12186702686477568,0.12186702686477568,2.53599514245309,,,,
sh.688257,新锐股份,C32有色金属冶炼和压延加工业,资源金属,PB,PB低估,83.37,41.7,41.7,84.4,95.0,75.7,0.0,0.0,0.0,"2026Q1价值线=73.31, 现价/价值=1.14, akshare东方财富扣非净利润同比=617.4%, 市值=209.1亿",0.0510590015128593,0.6063583815028903,209.0989146620762,73.31074637911888,1.137213902704806,0.8742,0.8742,1.0,年报扣非EPS,,,,,财报后主线候选,价值线附近/业绩强,80.0,财报后主线候选,83.37,111.8,59.40887841,111.8,2026-05-19,2026-06-22,0.3410099556195274,0.8818736019291902,6.17362149204174,,,,
sz.300975,商络电子,F51批发业,半导体/电子,PE,PE低估,23.7,60.0,49.4,65.2,98.9,84.0,67.6,79.5,73.6,"PE=31.14, 低估均值=29.92, 比值=1.04, 分位=24%",0.1504854368932038,0.5884718498659518,,,,,,,,31.140929,29.9230046,1.0407019420770331,0.2442996742671009,高质量趋势,估值有约束的高质量,79.5,高质量趋势,23.7,42.64,23.6537613,42.64,2026-05-19,2026-06-22,0.7991561181434601,0.8026731334267756,,,,,
sz.300322,硕贝德,C39计算机、通信和其他电子设备制造业,半导体/电子,VALUE,基本价值线,33.54,50.0,0.0,23.2,94.6,85.6,0.0,78.5,0.0,"半导体/电子右侧动量, 20/60日涨幅=7.3%/27.4%, 相对60日=26.4%, 量能20/120=1.34, 市值=151.2亿",0.072936660268714,0.2738321306494493,151.1927817075,3.6448387606209542,9.202053150435091,0.14,0.14,1.0,年报扣非EPS,,,,,主题右侧动量,主题右侧确认,78.5,主题右侧动量,33.54,28.91,33.54,28.91,2026-05-19,2026-06-22,-0.13804412641621944,-0.13804412641621944,,78.5,0.044829229724453,0.2638609630725652,1.3362323377741772
sh.688336,三生国健,C27医药制造业,医药医疗,PE,PE低估,64.41,100.0,100.0,45.0,53.3,68.6,78.4,54.2,66.3,"PE=13.38, 低估均值=72.53, 比值=0.18, 分位=1%",-0.2559778214161949,0.0651562758392592,,,,,,,,13.384232,72.52680928571428,0.1845418560642004,0.0141969831410825,低估价值,价值线内/历史低位,78.4,低估价值,64.41,41.23,44.06635914,41.23,2026-05-19,2026-06-22,-0.359882005899705,-0.06436563390655481,,,,,
sz.300037,新宙邦,C39计算机、通信和其他电子设备制造业,半导体/电子,VALUE,基本价值线,64.7,0.0,0.0,91.2,67.4,91.5,43.3,78.4,60.8,"价值线=45.28, 现价/价值=1.43, 扣非EPS=1.45, akshare东方财富扣非净利润同比=111.7%, 市值=486.2亿",0.0187372067390962,0.2716194968553458,486.1755772639724,45.283621327269984,1.428772657831528,1.45,1.45,1.0,年报扣非EPS,,,,,高质量趋势,估值有约束的高质量,78.4,高质量趋势,64.7,89.99,64.7,89.99,2026-05-19,2026-06-22,0.39088098918083447,0.39088098918083447,,,,,
sz.300790,宇瞳光学,C39计算机、通信和其他电子设备制造业,半导体/电子,VALUE,基本价值线,34.46,50.0,0.0,61.3,78.1,76.9,0.0,78.0,0.0,"半导体/电子右侧动量, 20/60日涨幅=14.2%/29.2%, 相对60日=28.2%, 量能20/120=1.80, 市值=128.6亿",0.1418157720344599,0.2916041979010495,128.63122718866157,15.059009664768515,2.2883310899667797,0.65,0.65,1.0,年报扣非EPS,,,,,主题右侧动量,主题右侧确认,78.0,主题右侧动量,34.46,27.71,24.580318,27.71,2026-05-19,2026-06-22,-0.19587928032501456,0.1273247156525803,,78.0,0.1137083414901989,0.2816330303241654,1.8013846288052295
sz.300073,当升科技,C39计算机、通信和其他电子设备制造业,半导体/电子,VALUE,基本价值线,57.7,75.0,37.2,79.0,35.5,86.0,77.5,64.6,69.0,"2026Q1价值线=58.29, 现价/价值=0.99, akshare东方财富扣非净利润同比=221.4%, 市值=301.3亿",0.0149516270888303,0.0366510959396335,301.3431299805115,58.288304858698496,0.9899069828823356,0.958,0.958,1.0,年报扣非EPS,,,,,价值线左侧确认,基本价值线左侧,77.5,价值线左侧确认,57.7,53.4,57.4220014,53.4,2026-05-19,2026-06-22,-0.07452339688041598,-0.07004286339625909,2.21448048336571,,,,
sz.300618,寒锐钴业,C32有色金属冶炼和压延加工业,资源金属,VALUE,基本价值线,41.76,75.0,53.2,82.8,27.0,72.5,77.5,42.3,55.0,"2026Q1价值线=47.57, 现价/价值=0.88, akshare东方财富扣非净利润同比=266.2%, 市值=128.9亿",-0.0896010464355787,-0.0598829356145881,128.92711511128888,47.57462362399974,0.8777788833400992,0.81,0.81,1.0,年报扣非EPS,,,,,价值线左侧确认,基本价值线左侧,77.5,价值线左侧确认,41.76,40.44,41.57638128,40.44,2026-05-19,2026-06-22,-0.031609195402298895,-0.027332375858950653,2.66167397721824,,,,
sz.300428,立中集团,C32有色金属冶炼和压延加工业,资源金属,VALUE,基本价值线,21.85,75.5,75.5,85.3,31.8,53.6,76.7,43.2,52.1,"2026Q1价值线=30.28, 现价/价值=0.72, akshare东方财富扣非净利润同比=35.1%, 市值=138.8亿",0.0148629818857408,-0.0378687802730074,138.80358792686508,30.27636543089307,0.7216850400974794,1.26,1.26,1.0,年报扣非EPS,,,,,价值线左侧确认,基本价值线左侧,76.7,价值线左侧确认,21.85,19.97,21.85,19.97,2026-05-19,2026-06-22,-0.08604118993135024,-0.08604118993135024,0.35130459883572,,,,
sz.300573,兴齐眼药,C27医药制造业,医药医疗,PE,PE低估,66.7,95.9,95.9,58.1,29.6,64.9,76.7,51.0,63.9,"PE=21.73, 低估均值=33.55, 比值=0.65, 分位=0%",-0.0163692670697537,-0.0569772373815919,,,,,,,,21.731098,33.55238,0.6476767966981776,0.0008733624454148,低估价值,价值线内/历史低位,76.7,低估价值,66.7,37.06,45.3033737,37.06,2026-05-19,2026-06-22,-0.44437781109445273,-0.18195937800543982,,,,,
sz.300850,新强联,C34通用设备制造业,C34通用设备制造业,VALUE,基本价值线,36.81,75.0,50.4,79.5,0.0,73.2,76.4,50.5,59.6,"2026Q1价值线=41.02, 现价/价值=0.90, akshare东方财富扣非净利润同比=27.7%, 市值=140.9亿",-0.1304039688164421,-0.1457414713390578,140.88242547134033,41.019361567614354,0.8973811047576681,1.86,1.86,1.0,年报扣非EPS,,,,,价值线左侧确认,基本价值线左侧,76.4,价值线左侧确认,36.81,28.53,36.81,28.53,2026-05-19,2026-06-22,-0.2249388753056235,-0.2249388753056235,0.27694963917432,,,,
sz.300976,达瑞电子,C39计算机、通信和其他电子设备制造业,半导体/电子,VALUE,基本价值线,84.92,0.0,0.0,88.7,80.0,54.3,40.0,76.1,58.1,"价值线=54.53, 现价/价值=1.56, 扣非EPS=2.08, akshare东方财富扣非净利润同比=30.7%, 市值=112.4亿",0.4224455611390285,0.4015514111239477,112.3834349776346,54.52609295867834,1.557419492065114,2.08,2.08,1.0,年报扣非EPS,,,,,高质量趋势,估值有约束的高质量,76.1,高质量趋势,84.92,90.6,60.37905412,90.6,2026-05-19,2026-06-22,0.06688648139425335,0.5005203595925427,,,,,
sh.688036,传音控股,C39计算机、通信和其他电子设备制造业,半导体/电子,VALUE,基本价值线,66.02,15.4,15.4,85.0,69.2,78.6,0.0,0.0,0.0,"2026Q1价值线=49.48, 现价/价值=1.33, akshare东方财富扣非净利润同比=80.4%, 市值=756.8亿",0.2296517042279753,0.0849630238290879,756.8086358289337,49.476361480589766,1.3343745987849271,1.72,1.72,1.0,年报扣非EPS,,,,,财报后主线候选,价值线附近/业绩强,75.4,财报后主线候选,66.02,55.82,65.07598002,55.82,2026-05-19,2026-06-22,-0.15449863677673425,-0.1422334326299094,0.8037192592948701,,,,
sz.300871,回盛生物,C27医药制造业,医药医疗,PE,PE低估,23.67,96.4,96.4,45.0,45.0,54.5,74.2,49.0,61.6,"PE=16.68, 低估均值=26.01, 比值=0.64, 分位=0%",-0.1516129032258063,-0.1256002955301071,,,,,,,,16.680659,26.007047571428576,0.641389952249921,0.0008748906386701,低估价值,价值线内/历史低位,74.2,低估价值,23.67,22.76,23.67,22.76,2026-05-19,2026-06-22,-0.03844528939585978,-0.03844528939585978,,,,,
sh.688347,华虹公司,C39计算机、通信和其他电子设备制造业,半导体/电子,VALUE,基本价值线,149.74,50.0,0.0,50.8,90.4,100.0,0.0,71.4,0.0,"半导体/电子右侧动量, 20/60日涨幅=19.7%/10.8%, 相对60日=9.8%, 量能20/120=1.55, 市值=2637.0亿",0.1966754575241749,0.1084462210378267,2637.023584188585,36.75216530342384,4.074317765055605,0.13,0.13,1.0,年报扣非EPS,,,,,主题右侧动量,主题右侧确认,71.4,主题右侧动量,149.74,280.0,149.74,280.0,2026-05-19,2026-06-22,0.8699078402564444,0.8699078402564444,,71.4,0.1685680269799139,0.0984750534609426,1.5506568498364155
sh.688147,微导纳米,C35专用设备制造业,半导体/电子,VALUE,基本价值线,91.72,50.0,0.0,21.2,93.3,77.8,0.0,71.1,0.0,"半导体/电子右侧动量, 20/60日涨幅=31.0%/16.7%, 相对60日=15.7%, 量能20/120=1.28, 市值=419.5亿",0.3102857142857143,0.1667726752321587,419.5047004490171,7.314507113710235,12.539464187283516,0.35,0.35,1.0,年报扣非EPS,,,,,主题右侧动量,主题右侧确认,71.1,主题右侧动量,91.72,109.11,91.72,109.11,2026-05-19,2026-06-22,0.18959877889228083,0.18959877889228083,,71.1,0.2821782837414532,0.1568015076552746,1.283522635233187
sh.688187,时代电气,C37铁路、船舶、航空航天和其他运输设备制造业,C37铁路、船舶、航空航天和其他运输设备制造业,VALUE,基本价值线,54.85,75.0,48.1,70.4,53.8,70.8,71.1,64.9,68.0,"价值线=60.04, 现价/价值=0.91, 扣非EPS=2.85, akshare东方财富扣非净利润同比=-0.8%, 市值=750.6亿",0.0525810784878142,-0.0257548845470692,750.5721063224561,60.0431685611355,0.91350941854696,2.85,2.85,1.0,年报扣非EPS,,,,,低估价值,价值线内/历史低位,71.1,低估价值,54.85,60.46,54.85,60.46,2026-05-19,2026-06-22,0.10227894257064718,0.10227894257064718,,,,,
sh.688233,神工股份,C39计算机、通信和其他电子设备制造业,半导体/电子,VALUE,基本价值线,99.85,50.0,0.0,35.1,93.0,77.1,0.0,70.0,0.0,"半导体/电子右侧动量, 20/60日涨幅=34.3%/15.9%, 相对60日=14.9%, 量能20/120=1.24, 市值=169.8亿",0.3426112679844022,0.1594287041337667,169.7829637315678,16.593412789429944,6.017448084194275,0.59,0.59,1.0,年报扣非EPS,,,,,主题右侧动量,主题右侧确认,70.0,主题右侧动量,99.85,128.54,99.6307294,128.54,2026-05-19,2026-06-22,0.28733099649474214,0.290164197071511,,70.0,0.3145038374401412,0.1494575365568826,1.2411115484464217
sz.300357,我武生物,C27医药制造业,医药医疗,PE,PE低估,23.69,96.0,96.0,43.8,0.0,56.5,69.4,33.0,51.2,"PE=29.13, 低估均值=45.11, 比值=0.65, 分位=1%",-0.125830258302583,-0.1487603305785123,,,,,,,,29.128229,45.10868045454545,0.6457344508082334,0.0073559460563955,低估价值,价值线内/历史低位,69.4,低估价值,23.69,22.02,23.69,22.02,2026-05-19,2026-06-22,-0.07049387927395534,-0.07049387927395534,,,,,
sh.688578,艾力斯,C27医药制造业,医药医疗,PE,PE低估,90.32,84.4,84.4,63.0,2.1,68.5,69.2,43.6,56.4,"PE=16.83, 低估均值=21.58, 比值=0.78, 分位=0%",-0.0905246198771524,-0.0579891531080517,,,,,,,,16.832255,21.58026375,0.7799837478816727,0.0029382957884427,低估价值,价值线内/历史低位,69.2,低估价值,90.32,85.5,89.71603016,85.5,2026-05-19,2026-06-22,-0.05336581045172717,-0.04699305299711898,,,,,
sz.300409,道氏技术,C39计算机、通信和其他电子设备制造业,半导体/电子,VALUE,基本价值线,25.42,75.0,52.4,71.2,21.1,79.5,68.9,55.1,62.0,"价值线=28.77, 现价/价值=0.88, 扣非EPS=0.65, akshare东方财富扣非净利润同比=183.8%, 市值=189.7亿",-0.0504295853567425,-0.109632224168126,189.6991654967321,28.773587671477635,0.883449095407663,0.6475,0.6475,1.0,年报扣非EPS,,,,,低估价值,价值线内/历史低位,68.9,低估价值,25.42,22.63,25.13112712,22.63,2026-05-19,2026-06-22,-0.10975609756097571,-0.0995230778172913,,,,,
sh.688363,华熙生物,C26化学原料和化学制品制造业,医药医疗,PB,PB低估,40.03,100.0,100.0,37.6,0.3,43.5,68.8,28.5,48.6,"PB=2.70, 低估均值=7.19, 比值=0.38, 分位=0%",-0.0731650845103032,-0.1813905930470347,,,,,,,,2.704372,7.190750666666666,0.3760903590408642,0.0018963337547408,低估价值,价值线内/历史低位,68.8,低估价值,40.03,35.82,40.03,35.82,2026-05-19,2026-06-22,-0.10517112165875597,-0.10517112165875597,,,,,
sh.688278,特宝生物,C27医药制造业,医药医疗,PE,PE低估,58.26,98.8,98.8,34.0,0.0,53.3,68.2,28.2,48.2,"PE=23.46, 低估均值=38.22, 比值=0.61, 分位=1%",-0.1036923076923077,-0.1539355213476619,,,,,,,,23.461994,38.215779833333336,0.6139347176041534,0.0071848465055519,低估价值,价值线内/历史低位,68.2,低估价值,58.26,53.79,57.62187822,53.79,2026-05-19,2026-06-22,-0.07672502574665296,-0.06650040467910312,,,,,
sz.300607,拓斯达,C34通用设备制造业,C34通用设备制造业,VALUE,基本价值线,34.34,75.0,53.6,50.5,71.4,77.2,67.5,63.0,65.3,"价值线=39.25, 现价/价值=0.87, 扣非EPS=0.12, akshare东方财富扣非净利润同比=2661.4%, 市值=162.3亿",0.3091879527258865,0.1281208935611038,162.28809282861667,39.2546430367988,0.8748009749523994,0.12,0.12,1.0,年报扣非EPS,,,,,低估价值,价值线内/历史低位,67.5,低估价值,34.34,38.69,34.30638114,38.69,2026-05-19,2026-06-22,0.12667443214909713,0.12777852732735062,,,,,
sh.688209,英集芯,C39计算机、通信和其他电子设备制造业,半导体/电子,VALUE,基本价值线,26.77,3.8,3.8,72.0,70.1,62.4,0.0,0.0,0.0,"2026Q1价值线=18.83, 现价/价值=1.42, akshare东方财富扣非净利润同比=259.9%, 市值=114.3亿",0.2347785977859777,0.1016460905349794,114.27139503314208,18.82969234367029,1.421690780253183,0.38,0.38,1.0,年报扣非EPS,,,,,财报后主线候选,价值线附近/业绩强,66.7,财报后主线候选,26.77,25.74,26.77,25.74,2026-05-19,2026-06-22,-0.03847590586477401,-0.03847590586477401,2.5987094428587603,,,,
sz.300890,翔丰华,C30非金属矿物制品业,资源金属,PB,PB低估,37.5,75.0,46.8,40.6,70.6,77.1,66.2,58.3,62.2,"PB=2.09, 低估均值=2.11, 比值=0.99, 分位=35%",0.1700468018720748,0.2203058900097625,,,,,,,,2.090244,2.110396333333333,0.9904509247789002,0.3542731921110299,低估价值,价值线内/历史低位,66.2,低估价值,37.5,36.11,37.386225,36.11,2026-05-19,2026-06-22,-0.03706666666666669,-0.03413623600671112,,,,,
sh.688472,阿特斯,C38电气机械和器材制造业,C38电气机械和器材制造业,VALUE,基本价值线,14.64,75.0,53.5,54.0,34.6,81.5,65.3,52.4,58.8,"价值线=16.72, 现价/价值=0.88, 扣非EPS=0.26, akshare东方财富扣非净利润同比=293.6%, 市值=518.4亿",0.0933532486930546,-0.0412573673870333,518.3941731927692,16.721280729764217,0.8755310216125075,0.26,0.26,1.0,年报扣非EPS,,,,,低估价值,价值线内/历史低位,65.3,低估价值,14.64,11.55,14.64,11.55,2026-05-19,2026-06-22,-0.21106557377049173,-0.21106557377049173,,,,,
sz.300685,艾德生物,C27医药制造业,医药医疗,PE,PE低估,19.45,91.0,91.0,38.8,0.8,50.7,64.9,29.9,47.4,"PE=21.32, 低估均值=30.28, 比值=0.70, 分位=0%",-0.1730442176870749,-0.083843617522374,,,,,,,,21.316895,30.280761750000003,0.7039748595492317,0.0014071294559099,低估价值,价值线内/历史低位,64.9,低估价值,19.45,16.85,19.45,16.85,2026-05-19,2026-06-22,-0.13367609254498702,-0.13367609254498702,,,,,
sz.300628,亿联网络,C39计算机、通信和其他电子设备制造业,半导体/电子,VALUE,基本价值线,38.82,0.0,0.0,72.1,64.3,63.6,34.4,64.5,49.4,"价值线=29.92, 现价/价值=1.30, 扣非EPS=1.92, akshare东方财富扣非净利润同比=15.0%, 市值=491.2亿",0.088309503784693,0.0560391730141458,491.2477786949704,29.92356251799188,1.2973054253369412,1.9166,1.9166,1.0,年报扣非EPS,,,,,高质量趋势,估值有约束的高质量,64.5,高质量趋势,38.82,33.62,37.48668828,33.62,2026-05-19,2026-06-22,-0.1339515713549717,-0.103148302968736,,,,,
sz.300973,立高食品,C14食品制造业,消费,PE,PE低估,28.2,100.0,100.0,21.9,0.0,37.6,64.2,20.5,42.4,"PE=17.03, 低估均值=28.65, 比值=0.59, 分位=0%",-0.1597139451728249,-0.3470710812688122,,,,,,,,17.033755,28.654992600000003,0.5944428336722026,0.0024350649350649,低估价值,价值线内/历史低位,64.2,低估价值,28.2,25.54,28.2,25.54,2026-05-19,2026-06-22,-0.09432624113475174,-0.09432624113475174,,,,,
sz.300534,陇神戎发,C27医药制造业,医药医疗,PE,PE低估,8.86,95.9,95.9,31.8,0.1,30.6,63.8,23.7,43.7,"PE=54.44, 低估均值=89.51, 比值=0.61, 分位=10%",-0.0770833333333333,-0.1601895734597157,,,,,,,,54.436341,89.51276024999999,0.6081405695452231,0.1036319612590799,低估价值,价值线内/历史低位,63.8,低估价值,8.86,7.36,8.8390018,7.36,2026-05-19,2026-06-22,-0.16930022573363424,-0.167326790226471,,,,,
sz.300452,山河药辅,C27医药制造业,医药医疗,PE,PE低估,13.54,86.4,86.4,43.3,20.0,33.6,63.7,35.9,49.8,"PE=17.99, 低估均值=24.29, 比值=0.74, 分位=7%",-0.0955243820975284,-0.1484276729559749,,,,,,,,17.992463,24.2915698,0.7406875367931143,0.0723334695545566,低估价值,价值线内/历史低位,63.7,低估价值,13.54,12.0,13.20622546,12.0,2026-05-19,2026-06-22,-0.11373707533234856,-0.09133763948325024,,,,,
sz.300070,碧水源,N77生态保护和环境治理业,N77生态保护和环境治理业,VALUE,基本价值线,3.78,100.0,100.0,25.6,1.7,46.6,62.5,24.1,43.3,"价值线=7.62, 现价/价值=0.50, 扣非EPS=0.01, akshare东方财富扣非净利润同比=8.2%, 市值=136.0亿",-0.0689655172413792,-0.0735294117647059,136.03764683999998,7.615426167829687,0.4963609280289639,0.0063,0.0063,1.0,年报扣非EPS,,,,,低估价值,深度低估,62.5,低估价值,3.78,3.4,3.78,3.4,2026-05-19,2026-06-22,-0.10052910052910047,-0.10052910052910047,,,,,
sh.688065,凯赛生物,C28化学纤维制造业,医药医疗,PB,PB低估,44.32,90.1,90.1,27.6,0.0,57.4,62.2,25.5,43.9,"PB=1.79, 低估均值=2.51, 比值=0.71, 分位=1%",-0.0910582444626743,-0.1830414746543779,,,,,,,,1.788758,2.505261857142857,0.7140004127313067,0.0114695340501792,低估价值,价值线内/历史低位,62.2,低估价值,44.32,50.7,44.32,50.7,2026-05-19,2026-06-22,0.1439530685920578,0.1439530685920578,,,,,
sz.300140,节能环境,N77生态保护和环境治理业,N77生态保护和环境治理业,VALUE,基本价值线,6.83,75.0,54.4,47.6,53.1,49.2,62.0,51.1,56.6,"价值线=7.86, 现价/价值=0.87, 扣非EPS=0.29, akshare东方财富扣非净利润同比=12.2%, 市值=211.6亿",0.0789889415481832,-0.060522696011004,211.63759192577095,7.858674594803078,0.8691032969499287,0.2873,0.2873,1.0,年报扣非EPS,,,,,低估价值,价值线内/历史低位,62.0,低估价值,6.83,5.29,6.7634758,5.29,2026-05-19,2026-06-22,-0.22547584187408487,-0.2178577766183476,,,,,
sz.300957,贝泰妮,C26化学原料和化学制品制造业,C26化学原料和化学制品制造业,PB,PB低估,39.11,80.1,80.1,45.0,5.4,60.8,61.9,35.3,48.6,"PB=2.65, 低估均值=3.19, 比值=0.83, 分位=2%",0.0593174431202598,-0.1941067381001442,,,,,,,,2.646587,3.188842,0.829952377696982,0.0160513643659711,低估价值,价值线内/历史低位,61.9,低估价值,39.11,32.88,38.74537747,32.88,2026-05-19,2026-06-22,-0.15929429813346963,-0.15138263847194355,,,,,
sz.300059,东方财富,J67资本市场服务,金融,PB,PB低估,19.9,77.1,77.1,36.5,2.8,100.0,61.8,36.2,49.0,"PB=3.29, 低估均值=3.92, 比值=0.84, 分位=9%",-0.0079760717846461,-0.1306247269550022,,,,,,,,3.28936,3.9247899090909097,0.8380983635279237,0.0862280343277482,低估价值,价值线内/历史低位,61.8,低估价值,19.9,20.97,19.9,20.97,2026-05-19,2026-06-22,0.053768844221105505,0.053768844221105505,,,,,
sz.300181,佐力药业,C27医药制造业,医药医疗,PE,PE低估,14.54,84.5,84.5,41.2,0.0,50.1,61.8,30.3,46.0,"PE=15.68, 低估均值=20.12, 比值=0.78, 分位=0%",-0.0861093651791327,-0.1575898030127464,,,,,,,,15.68045,20.1195905,0.7793622837403177,0.0004086636697997,低估价值,价值线内/历史低位,61.8,低估价值,14.54,12.88,14.18212698,12.88,2026-05-19,2026-06-22,-0.11416781292984857,-0.09181464683233287,,,,,
sh.688117,圣诺生物,C27医药制造业,医药医疗,PE,PE低估,35.71,75.0,66.9,53.2,27.0,44.8,61.7,43.9,52.8,"PE=31.72, 低估均值=32.31, 比值=0.98, 分位=5%",-0.045187165775401,-0.0864671271424917,,,,,,,,31.72293,32.311454166666664,0.9817858966163832,0.0475,低估价值,价值线内/历史低位,61.7,低估价值,35.71,24.01,25.25104094,24.01,2026-05-19,2026-06-22,-0.32763931671800617,-0.04914811008975373,,,,,
sz.300596,利安隆,C26化学原料和化学制品制造业,C26化学原料和化学制品制造业,PB,PB低估,46.06,75.0,74.0,36.3,55.4,57.7,61.6,48.1,54.9,"PB=2.13, 低估均值=2.89, 比值=0.74, 分位=27%",0.0513581374115499,0.0074365704286964,,,,,,,,2.132785,2.887354,0.7386641887347377,0.270234409553295,低估价值,价值线内/历史低位,61.6,低估价值,46.06,50.38,45.6095332,50.38,2026-05-19,2026-06-22,0.09379070777247067,0.10459363350818074,,,,,
sz.300319,麦捷科技,C39计算机、通信和其他电子设备制造业,半导体/电子,VALUE,基本价值线,13.92,50.0,0.0,29.2,89.1,68.0,0.0,61.4,0.0,"半导体/电子右侧动量, 20/60日涨幅=12.2%/12.7%, 相对60日=11.7%, 量能20/120=1.22, 市值=122.4亿",0.1216760676873489,0.1271255060728744,122.42228287656108,8.059447574117197,1.7271655249305031,0.2652,0.2652,1.0,年报扣非EPS,,,,,主题右侧动量,主题右侧确认,61.4,主题右侧动量,13.92,31.63,13.85382432,31.63,2026-05-19,2026-06-22,1.2722701149425286,1.2831240868514202,,61.4,0.0935686371430879,0.1171543384959903,1.2197153802123104
sh.688639,华恒生物,C26化学原料和化学制品制造业,医药医疗,PB,PB低估,26.55,100.0,100.0,7.0,0.3,44.7,61.3,15.0,38.1,"PB=2.47, 低估均值=5.00, 比值=0.49, 分位=0%",-0.0713536201469045,-0.2502118045749787,,,,,,,,2.470224,4.995595,0.4944804372652306,0.0040749796251018,低估价值,价值线内/历史低位,61.3,低估价值,26.55,21.0,26.55,21.0,2026-05-19,2026-06-22,-0.20903954802259894,-0.20903954802259894,,,,,
sz.300705,九典制药,C27医药制造业,医药医疗,PE,PE低估,12.12,100.0,100.0,12.0,0.0,33.0,61.3,15.3,38.3,"PE=15.02, 低估均值=25.17, 比值=0.60, 分位=1%",-0.1452750352609308,-0.2180645161290323,,,,,,,,15.016969,25.172219900000005,0.5965691170527235,0.0124521072796934,低估价值,价值线内/历史低位,61.3,低估价值,12.12,10.16,11.71966428,10.16,2026-05-19,2026-06-22,-0.16171617161716167,-0.13308096910776013,,,,,
sz.300481,濮阳惠成,C26化学原料和化学制品制造业,C26化学原料和化学制品制造业,PB,PB低估,15.16,95.4,95.4,5.4,28.1,44.7,61.1,23.7,42.4,"PB=1.81, 低估均值=3.05, 比值=0.59, 分位=12%",0.0006600660066007,-0.1170646476412348,,,,,,,,1.811793,3.053209571428572,0.5934060396490494,0.1221904372701266,低估价值,价值线内/历史低位,61.1,低估价值,15.16,18.65,14.9620862,18.65,2026-05-19,2026-06-22,0.23021108179419514,0.246483929493736,,,,,
sz.300505,川金诺,C26化学原料和化学制品制造业,资源金属,PB,PB低估,23.77,75.0,55.3,45.0,20.0,65.7,61.1,40.9,51.0,"PB=2.21, 低估均值=2.35, 比值=0.94, 分位=29%",-0.1359505634314795,-0.1315308732188528,,,,,,,,2.212179,2.3482181111111107,0.9420670888843709,0.2860645688598283,低估价值,价值线内/历史低位,61.1,低估价值,23.77,23.9,23.3285911,23.9,2026-05-19,2026-06-22,0.005469078670593097,0.024493930968681576,,,,,
sh.688321,微芯生物,C27医药制造业,半导体/电子,PE,PE低估,29.1,89.6,89.6,2.7,45.8,62.8,60.8,31.2,46.0,"PE=131.01, 低估均值=417.84, 比值=0.31, 分位=21%",-0.0799873537780587,-0.0837531486146095,,,,,,,,131.010816,417.83545175,0.3135464342513153,0.2129310344827586,低估价值,价值线内/历史低位,60.8,低估价值,29.1,25.16,29.1,25.16,2026-05-19,2026-06-22,-0.1353951890034365,-0.1353951890034365,,,,,
sz.300009,安科生物,C27医药制造业,医药医疗,PE,PE低估,8.5,95.7,95.7,12.1,0.0,49.8,60.6,17.7,39.2,"PE=20.47, 低估均值=40.55, 比值=0.50, 分位=12%",-0.1465863453815261,-0.1542288557213931,,,,,,,,20.469023,40.55175711111112,0.5047629118490533,0.1176951369023293,低估价值,价值线内/历史低位,60.6,低估价值,8.5,7.67,8.241481,7.67,2026-05-19,2026-06-22,-0.09764705882352942,-0.06934202724000704,,,,,
sz.300888,稳健医疗,C17纺织业,医药医疗,VALUE,基本价值线,30.18,75.0,43.4,61.8,0.0,44.3,60.5,38.2,49.3,"价值线=31.90, 现价/价值=0.95, 扣非EPS=1.21, akshare东方财富扣非净利润同比=-3.1%, 市值=176.0亿",-0.1094718205960461,-0.147457627118644,176.00074849144465,31.902398263653048,0.9460103829994684,1.21,1.21,1.0,年报扣非EPS,,,,,低估价值,价值线内/历史低位,60.5,低估价值,30.18,27.54,29.87587614,27.54,2026-05-19,2026-06-22,-0.0874751491053678,-0.07818602972692601,,,,,
sh.688009,中国通号,C37铁路、船舶、航空航天和其他运输设备制造业,C37铁路、船舶、航空航天和其他运输设备制造业,VALUE,基本价值线,4.98,85.0,82.5,35.5,20.4,51.6,60.4,35.1,47.7,"价值线=7.40, 现价/价值=0.67, 扣非EPS=0.32, akshare东方财富扣非净利润同比=-9.9%, 市值=532.4亿",-0.0691588785046727,-0.10752688172043,532.3587664595437,7.403974594166769,0.6726117083010388,0.32,0.32,1.0,年报扣非EPS,,,,,低估价值,深度低估,60.4,低估价值,4.98,5.05,4.98,5.05,2026-05-19,2026-06-22,0.014056224899598346,0.014056224899598346,,,,,
sh.688357,建龙微纳,C26化学原料和化学制品制造业,半导体/电子,PB,PB低估,34.53,75.9,75.9,40.5,52.5,31.5,60.3,45.1,52.7,"PB=1.96, 低估均值=2.68, 比值=0.73, 分位=25%",-0.0354748603351954,0.0155882352941176,,,,,,,,1.963796,2.6812894,0.7324073261170541,0.2477592829705505,低估价值,价值线内/历史低位,60.3,低估价值,34.53,30.14,34.16715876,30.14,2026-05-19,2026-06-22,-0.1271358239212279,-0.11786636367067937,,,,,
sz.300558,贝达药业,C27医药制造业,医药医疗,PE,PE低估,48.71,75.0,69.0,27.3,37.1,73.5,59.1,40.1,49.6,"PE=46.46, 低估均值=49.49, 比值=0.94, 分位=8%",0.0802838766910623,0.0190376569037658,,,,,,,,46.45501,49.485406363636365,0.9387618171432616,0.0765239948119325,低估价值,价值线内/历史低位,59.1,低估价值,48.71,58.55,48.56060643,58.55,2026-05-19,2026-06-22,0.20201190720591256,0.2057098192214648,,,,,
sz.300568,星源材质,C26化学原料和化学制品制造业,C26化学原料和化学制品制造业,PB,PB低估,16.78,75.0,61.9,0.0,89.9,87.5,59.0,48.3,53.7,"PB=2.31, 低估均值=2.68, 比值=0.87, 分位=29%",0.0620253164556963,0.188385269121813,,,,,,,,2.314605,2.6757635000000004,0.8650260009899976,0.2880174291938998,低估价值,价值线内/历史低位,59.0,低估价值,16.78,20.33,16.78,20.33,2026-05-19,2026-06-22,0.21156138259833113,0.21156138259833113,,,,,
sz.300174,元力股份,C26化学原料和化学制品制造业,C26化学原料和化学制品制造业,PB,PB低估,17.76,82.0,82.0,8.9,58.6,57.3,58.9,37.2,48.1,"PB=1.85, 低估均值=2.67, 比值=0.69, 分位=20%",0.0422535211267607,0.0783242258652097,,,,,,,,1.852217,2.6694079000000004,0.6938681046085162,0.2047404985696771,低估价值,价值线内/历史低位,58.9,低估价值,17.76,29.05,17.76,29.05,2026-05-19,2026-06-22,0.6356981981981982,0.6356981981981982,,,,,
sh.688356,键凯科技,C26化学原料和化学制品制造业,C26化学原料和化学制品制造业,PB,PB低估,83.85,75.0,69.2,45.0,20.0,41.9,58.7,37.3,48.0,"PB=3.80, 低估均值=4.66, 比值=0.81, 分位=24%",-0.2279005524861879,-0.1504559270516717,,,,,,,,3.798255,4.662673428571429,0.814608841512567,0.2411552346570397,低估价值,价值线内/历史低位,58.7,低估价值,83.85,68.88,83.85,68.88,2026-05-19,2026-06-22,-0.17853309481216462,-0.17853309481216462,,,,,
sz.300908,仲景食品,C14食品制造业,消费,PE,PE低估,26.9,81.1,81.1,31.0,25.9,24.8,57.4,30.8,44.1,"PE=19.93, 低估均值=24.35, 比值=0.82, 分位=3%",-0.0800273597811217,-0.0812841530054645,,,,,,,,19.926853,24.354709666666665,0.8181930013837572,0.0286144578313253,低估价值,价值线内/历史低位,57.4,低估价值,26.9,23.07,26.9,23.07,2026-05-19,2026-06-22,-0.14237918215613377,-0.14237918215613377,,,,,
sz.300777,中简科技,C28化学纤维制造业,C28化学纤维制造业,PB,PB低估,38.69,75.0,53.1,7.1,56.1,74.9,56.1,37.8,47.0,"PB=3.71, 低估均值=3.94, 比值=0.94, 分位=32%",0.2208898706216471,-0.077271643214882,,,,,,,,3.70786,3.939256,0.9412589585444564,0.3225426721600942,低估价值,价值线内/历史低位,56.1,低估价值,38.69,28.6,38.38090559,28.6,2026-05-19,2026-06-22,-0.26079090204187116,-0.2548378012359451,,,,,
sz.300224,正海磁材,C30非金属矿物制品业,资源金属,PB,PB低估,13.1,75.0,62.3,34.0,0.0,61.7,55.9,28.3,42.1,"PB=2.35, 低估均值=2.50, 比值=0.94, 分位=18%",-0.1208053691275168,-0.2388146426496223,,,,,,,,2.347966,2.4982786363636365,0.9398335180969152,0.1794033510420923,低估价值,价值线内/历史低位,55.9,低估价值,13.1,14.0,13.1,14.0,2026-05-19,2026-06-22,0.06870229007633588,0.06870229007633588,,,,,
sz.300945,曼卡龙,F52零售业,F52零售业,PE,PE低估,14.06,80.6,80.6,27.2,0.0,45.8,55.7,23.1,39.4,"PE=28.63, 低估均值=35.16, 比值=0.81, 分位=6%",-0.1140516698172652,-0.2627163083377032,,,,,,,,28.632571,35.159546666666664,0.8143612109522839,0.0628930817610062,低估价值,价值线内/历史低位,55.7,低估价值,14.06,12.22,13.92936854,12.22,2026-05-19,2026-06-22,-0.13086770981507823,-0.12271687227538886,,,,,
sh.688136,科兴制药,C27医药制造业,医药医疗,PE,PE低估,25.79,75.0,57.8,38.0,0.0,46.3,55.4,27.8,41.6,"PE=46.32, 低估均值=44.05, 比值=1.05, 分位=10%",-0.2047486894850447,-0.1712724935732648,,,,,,,,46.320761,44.0501624,1.051545748671292,0.0987983978638184,低估价值,价值线内/历史低位,55.4,低估价值,25.79,18.13,25.45207363,18.13,2026-05-19,2026-06-22,-0.2970143466459868,-0.28768082854237764,,,,,
sz.300832,新产业,C27医药制造业,医药医疗,PE,PE低估,50.46,75.0,69.8,17.9,33.6,60.8,55.2,32.7,43.9,"PE=24.40, 低估均值=26.15, 比值=0.93, 分位=7%",0.0889080707811824,-0.0582306830907054,,,,,,,,24.402413,26.152027000000004,0.9330983407137045,0.0712816997943797,低估价值,价值线内/历史低位,55.2,低估价值,50.46,42.5,49.19108238,42.5,2026-05-19,2026-06-22,-0.15774871185097106,-0.1360222637166537,,,,,
sz.300575,中旗股份,C26化学原料和化学制品制造业,C26化学原料和化学制品制造业,PB,PB低估,6.86,77.2,77.2,0.0,83.7,42.4,55.0,39.5,47.3,"PB=1.69, 低估均值=2.36, 比值=0.71, 分位=25%",0.1227495908346971,0.0178041543026705,,,,,,,,1.685947,2.3626835,0.7135729351815425,0.2541630148992112,低估价值,价值线内/历史低位,55.0,低估价值,6.86,5.38,6.86,5.38,2026-05-19,2026-06-22,-0.21574344023323622,-0.21574344023323622,,,,,
sz.300856,科思股份,C26化学原料和化学制品制造业,C26化学原料和化学制品制造业,PB,PB低估,14.16,79.9,79.9,2.6,63.5,39.7,54.9,33.3,44.1,"PB=2.47, 低估均值=3.01, 比值=0.82, 分位=7%",0.1255961844197137,0.0114285714285713,,,,,,,,2.466641,3.0092122857142853,0.8196965736548237,0.0673758865248227,低估价值,价值线内/历史低位,54.9,低估价值,14.16,11.26,14.07342576,11.26,2026-05-19,2026-06-22,-0.20480225988700562,-0.19991051276203264,,,,,
sh.688566,吉贝尔,C27医药制造业,医药医疗,PE,PE低估,26.4,75.0,71.2,33.3,20.8,30.9,54.7,30.7,42.7,"PE=20.72, 低估均值=23.95, 比值=0.87, 分位=14%",-0.1798695246971109,-0.0839694656488549,,,,,,,,20.722523,23.94585114285714,0.8653909554675139,0.1415807560137457,低估价值,价值线内/历史低位,54.7,低估价值,26.4,24.71,26.4,24.71,2026-05-19,2026-06-22,-0.06401515151515147,-0.06401515151515147,,,,,
sz.300898,熊猫乳品,C14食品制造业,消费,PE,PE低估,23.53,75.0,60.8,36.2,2.3,40.6,54.6,26.9,40.8,"PE=26.22, 低估均值=26.51, 比值=0.99, 分位=14%",-0.0208073241781107,-0.1798536075287556,,,,,,,,26.217176,26.50565783333333,0.9891162168036992,0.1358936484490399,低估价值,价值线内/历史低位,54.6,低估价值,23.53,19.78,22.89000753,19.78,2026-05-19,2026-06-22,-0.15937101572460688,-0.1358674751820843,,,,,
sh.688151,华强科技,C27医药制造业,医药医疗,PE,PE低估,19.87,75.0,70.2,31.4,22.3,27.6,54.1,29.8,42.0,"PE=144.71, 低估均值=198.34, 比值=0.73, 分位=34%",-0.0419479267116681,-0.08264081255771,,,,,,,,144.712929,198.3408868,0.7296172329103452,0.3420523138832998,低估价值,价值线内/历史低位,54.1,低估价值,19.87,15.99,19.79566633,15.99,2026-05-19,2026-06-22,-0.19526925012581786,-0.19224744782814285,,,,,
sz.300699,光威复材,C28化学纤维制造业,C28化学纤维制造业,PB,PB低估,34.06,75.0,52.5,10.0,22.1,78.4,53.8,27.8,40.8,"PB=4.88, 低估均值=4.90, 比值=1.00, 分位=26%",-0.0254649499284692,-0.1266666666666666,,,,,,,,4.878269,4.8963253,0.996312275248542,0.257345971563981,低估价值,价值线内/历史低位,53.8,低估价值,34.06,28.57,33.4799582,28.57,2026-05-19,2026-06-22,-0.16118614210217264,-0.1466536538268437,,,,,
sh.688116,天奈科技,C26化学原料和化学制品制造业,C26化学原料和化学制品制造业,PB,PB低估,43.59,75.0,59.1,8.9,33.0,67.2,53.5,29.4,41.5,"PB=4.24, 低估均值=4.55, 比值=0.93, 分位=24%",0.0813693872488217,-0.0643915003219575,,,,,,,,4.242083,4.54863525,0.9326056645232216,0.238954573739888,低估价值,价值线内/历史低位,53.5,低估价值,43.59,41.2,43.59,41.2,2026-05-19,2026-06-22,-0.05482908924065155,-0.05482908924065155,,,,,
sh.688598,金博股份,C30非金属矿物制品业,资源金属,PB,PB低估,36.46,75.0,71.6,0.0,63.5,58.0,53.4,34.7,44.0,"PB=1.96, 低估均值=3.11, 比值=0.63, 分位=45%",0.5462256149279052,0.2690567351200836,,,,,,,,1.960913,3.106277,0.6312743519010056,0.4529209621993127,低估价值,价值线内/历史低位,53.4,低估价值,36.46,62.04,36.46,62.04,2026-05-19,2026-06-22,0.7015907844212836,0.7015907844212836,,,,,
sz.300160,秀强股份,C30非金属矿物制品业,资源金属,PB,PB低估,5.14,91.2,91.2,2.2,0.6,25.5,53.3,9.6,31.5,"PB=1.48, 低估均值=2.12, 比值=0.70, 分位=3%",-0.0654545454545455,-0.1433333333333334,,,,,,,,1.483708,2.1164899,0.7010229531452052,0.0314671025745811,低估价值,价值线内/历史低位,53.3,低估价值,5.14,4.45,5.06847176,4.45,2026-05-19,2026-06-22,-0.13424124513618663,-0.1220233216806954,,,,,
sz.300498,温氏股份,A03畜牧业,A03畜牧业,PB,PB低估,14.58,80.5,80.5,4.4,1.2,77.5,53.2,18.0,35.6,"PB=2.45, 低估均值=3.04, 比值=0.81, 分位=8%",-0.1508444962143273,-0.0766307789740341,,,,,,,,2.452135,3.0410328181818183,0.8063494038403999,0.0756027789129546,低估价值,价值线内/历史低位,53.2,低估价值,14.58,12.49,14.58,12.49,2026-05-19,2026-06-22,-0.1433470507544582,-0.1433470507544582,,,,,
sz.300119,瑞普生物,C27医药制造业,医药医疗,PE,PE低估,17.17,75.0,63.2,32.9,0.0,33.9,52.9,23.6,38.2,"PE=20.34, 低估均值=21.16, 比值=0.96, 分位=14%",-0.0934530095036958,-0.106659729448491,,,,,,,,20.340798,21.1553682,0.961495815515988,0.1352676747037188,低估价值,价值线内/历史低位,52.9,低估价值,17.17,15.19,17.17,15.19,2026-05-19,2026-06-22,-0.1153174140943507,-0.1153174140943507,,,,,
sz.300446,航天智造,C26化学原料和化学制品制造业,C26化学原料和化学制品制造业,PB,PB低估,18.45,75.0,66.8,23.2,0.0,55.3,52.6,22.5,37.5,"PB=2.58, 低估均值=2.75, 比值=0.94, 分位=11%",-0.1021897810218979,-0.2205323193916351,,,,,,,,2.578136,2.7549559,0.9358175207087708,0.1136085002043318,低估价值,价值线内/历史低位,52.6,低估价值,18.45,15.46,18.08555715,15.46,2026-05-19,2026-06-22,-0.16205962059620593,-0.14517424750721597,,,,,
sh.688425,铁建重工,C35专用设备制造业,C35专用设备制造业,VALUE,基本价值线,4.46,85.0,60.4,19.0,0.0,37.0,51.9,18.4,35.1,"价值线=5.39, 现价/价值=0.83, 扣非EPS=0.26, akshare东方财富扣非净利润同比=-28.5%, 市值=240.8亿",-0.0804123711340205,-0.1568998109640832,240.81243376923072,5.390126876127482,0.8274387788074242,0.26,0.26,1.0,年报扣非EPS,,,,,低估价值,深度低估,51.9,低估价值,4.46,4.29,4.46,4.29,2026-05-19,2026-06-22,-0.03811659192825112,-0.03811659192825112,,,,,
sz.300910,瑞丰新材,C26化学原料和化学制品制造业,C26化学原料和化学制品制造业,PB,PB低估,45.48,75.0,73.6,15.0,0.7,56.8,50.7,19.2,35.0,"PB=3.40, 低估均值=3.76, 比值=0.90, 分位=3%",-0.0624613481756338,-0.2023851280252544,,,,,,,,3.399982,3.7570696666666654,0.9049558037651508,0.0324773413897281,低估价值,价值线内/历史低位,50.7,低估价值,45.48,27.82,34.0028946,27.82,2026-05-19,2026-06-22,-0.38830255057167984,-0.1818343606546955,,,,,
sz.300741,华宝股份,C26化学原料和化学制品制造业,C26化学原料和化学制品制造业,PB,PB低估,15.51,85.9,85.9,1.3,0.0,28.5,50.4,9.1,29.8,"PB=1.40, 低估均值=1.84, 比值=0.76, 分位=6%",-0.0987797791981406,-0.1905010438413361,,,,,,,,1.39725,1.844364,0.7575782220863128,0.056726907630522,低估价值,价值线内/历史低位,50.4,低估价值,15.51,14.04,15.45999576,14.04,2026-05-19,2026-06-22,-0.09477756286266925,-0.09184968625114298,,,,,
sz.300770,新媒股份,I63电信、广播电视和卫星传输服务,I63电信、广播电视和卫星传输服务,PB,PB低估,38.35,75.0,63.3,19.3,0.8,39.5,50.1,18.6,34.3,"PB=2.35, 低估均值=2.40, 比值=0.98, 分位=11%",-0.060049019607843,-0.2293006430868166,,,,,,,,2.353163,2.3983275,0.981168335016798,0.1072886297376093,低估价值,价值线内/历史低位,50.1,低估价值,38.35,34.61,37.62760105,34.61,2026-05-19,2026-06-22,-0.09752281616688396,-0.08019647720805212,,,,,
