code,name,industry,theme,method,method_name,close,valuation_score,raw_valuation_score,quality_score,trend_score,liquidity_score,low_value_score,high_quality_score,core_score,valuation_ref,ret20_at_buy,ret60_at_buy,mktcap,value_line,price_to_value,eps_excl,eps_excl_raw,eps_adjustment_factor,eps_excl_source,current_valuation,low_avg,pepb_ratio,valuation_percentile,selection_bucket,valuation_state,total_score,selection_mode,earnings_yoy,buy_close_raw,end_close_raw,buy_close_qfq,end_close_qfq,raw_return,qfq_return
sh.600362,江西铜业,C32有色金属冶炼和压延加工业,资源金属,VALUE,基本价值线,21.79,100.0,100.0,84.9,53.1,68.8,91.6,45.1,48.8,"Q1价值线=55.72, 现价/价值=0.39, akshare东方财富扣非净利润同比=37.0%, 市值=752.5亿",-0.04680664916885391,0.03712517848643482,752.5131476183614,55.71935131218841,0.3910670079038324,2.38,2.38,1.0,年报扣非EPS,,,,,价值线左侧确认,基本价值线左侧,91.6,价值线左侧确认,0.37040625232194996,21.79,45.44,20.9377931,45.44,1.0853602569986234,1.1702382759718835
sh.600757,长江传媒,R86新闻和出版业,R86新闻和出版业,VALUE,基本价值线,9.76,100.0,100.0,83.0,66.8,48.6,88.9,73.0,79.7,"Q1价值线=20.82, 现价/价值=0.47, akshare东方财富扣非净利润同比=54.5%, 市值=118.9亿",0.0966292134831459,0.100338218714769,118.85730837065367,20.820679049769616,0.4687647303274672,0.82,0.82,1.0,年报扣非EPS,,,,,价值线左侧确认,基本价值线左侧,88.9,价值线左侧确认,0.5445817036291001,9.76,8.32,9.35579936,8.32,-0.14754098360655732,-0.11071201082277171
sh.600482,中国动力,C37铁路、船舶、航空航天和其他运输设备制造业,C37铁路、船舶、航空航天和其他运输设备制造业,VALUE,基本价值线,21.63,100.0,100.0,76.5,27.6,62.7,88.0,58.5,70.2,"Q1价值线=56.79, 现价/价值=0.38, akshare东方财富扣非净利润同比=600.4%, 市值=476.1亿",-0.013229927007299414,-0.12108898821617231,476.0921345273249,56.79080600433402,0.3808715093487015,0.56,0.56,1.0,年报扣非EPS,,,,,价值线左侧确认,基本价值线左侧,88.0,价值线左侧确认,6.00411576914536,21.63,35.98,21.3561642,35.98,0.6634304207119741,0.684759475674007
sh.600487,亨通光电,C38电气机械和器材制造业,C38电气机械和器材制造业,VALUE,基本价值线,15.77,91.8,91.8,78.9,32.9,72.1,85.3,62.4,71.2,"Q1价值线=25.95, 现价/价值=0.61, akshare东方财富扣非净利润同比=32.7%, 市值=383.3亿",-0.044242424242424305,0.030718954248365904,383.2812395011499,25.950513278907096,0.6076951091683437,1.06,1.06,1.0,年报扣非EPS,,,,,价值线左侧确认,基本价值线左侧,85.3,价值线左侧确认,0.32672339933916,15.77,71.8,15.53308729,71.8,3.5529486366518706,3.6223908138483143
sh.600323,瀚蓝环境,N77生态保护和环境治理业,N77生态保护和环境治理业,VALUE,基本价值线,23.28,94.2,94.2,78.3,54.0,50.5,84.3,66.4,73.7,"Q1价值线=39.41, 现价/价值=0.59, akshare东方财富扣非净利润同比=12.8%, 市值=190.1亿",-0.035225859925403946,0.044883303411131115,190.14312881609246,39.405353979762396,0.5907826639993141,1.99,1.99,1.0,年报扣非EPS,,,,,价值线左侧确认,基本价值线左侧,84.3,价值线左侧确认,0.12802326524012,23.28,30.53,22.31862912,30.53,0.311426116838488,0.36791555770966644
sh.600866,星湖科技,C14食品制造业,消费,PE,PE低估,7.7,100.0,100.0,47.5,95.5,62.0,82.6,69.1,75.9,"PE=10.97, 低估均值=19.14, 比值=0.57, 分位=4%",0.1809815950920246,0.21069182389937113,,,,,,,,10.973479,19.144063499999998,0.5732053176693652,0.04254007398273736,低估价值,价值线内/历史低位,82.6,低估价值,,7.7,5.58,7.3008166,5.58,-0.2753246753246753,-0.23570193504107473
sh.600988,赤峰黄金,B09有色金属矿采选业,资源金属,VALUE,基本价值线,27.24,75.0,50.6,88.2,100.0,97.8,81.9,72.3,54.1,"Q1价值线=30.40, 现价/价值=0.90, akshare东方财富扣非净利润同比=138.6%, 市值=449.7亿",0.24383561643835616,0.4048478597215057,449.6593124353398,30.401816046663605,0.895999106046476,1.03,1.03,1.0,年报扣非EPS,,,,,价值线左侧确认,基本价值线左侧,81.9,价值线左侧确认,1.3858495658880199,27.24,36.66,27.06841524,36.66,0.3458149779735682,0.35434600344929534
sh.600741,华域汽车,C36汽车制造业,C36汽车制造业,VALUE,基本价值线,17.76,100.0,100.0,67.5,56.7,57.2,81.7,63.8,72.7,"价值线=39.73, 现价/价值=0.45, 扣非EPS=1.83, akshare东方财富扣非净利润同比=7.2%, 市值=560.1亿",-0.011686143572620877,0.08094948265368229,560.0672135905049,39.729810905549975,0.4470194948126233,1.83,1.83,1.0,年报扣非EPS,,,,,低估价值,深度低估,81.7,低估价值,,17.76,17.56,17.00464944,17.56,-0.011261261261261368,0.032658747947702294
sh.600031,三一重工,C35专用设备制造业,C35专用设备制造业,VALUE,基本价值线,19.68,75.0,38.5,78.2,91.0,82.3,78.3,83.1,80.7,"价值线=20.08, 现价/价值=0.98, 扣非EPS=0.63, akshare东方财富扣非净利润同比=78.5%, 市值=1667.0亿",0.016528925619834656,0.24478178368121428,1667.0303878037157,20.077279112041396,0.9802125024100937,0.6297,0.6297,1.0,年报扣非EPS,,,,,低估且高质量,低估且高质量,80.7,低估且高质量,,19.68,19.39,19.0307568,19.39,-0.014735772357723498,0.01887697918560982
sh.600961,株冶集团,C32有色金属冶炼和压延加工业,资源金属,VALUE,基本价值线,10.19,85.7,85.7,77.5,91.2,61.1,80.4,68.1,69.8,"Q1价值线=15.68, 现价/价值=0.65, akshare东方财富扣非净利润同比=112.9%, 市值=123.9亿",0.0692549842602308,0.20877817319098457,123.91045355524334,15.675483020479462,0.6500597134191736,0.6,0.6,1.0,年报扣非EPS,,,,,价值线左侧确认,基本价值线左侧,80.4,价值线左侧确认,1.12935761807741,10.19,28.96,10.19,28.96,1.842001962708538,1.842001962708538
sh.600764,中国海防,C39计算机、通信和其他电子设备制造业,半导体/电子,VALUE,基本价值线,28.56,100.0,100.0,51.4,84.1,56.4,79.5,66.0,72.8,"价值线=59.78, 现价/价值=0.48, 扣非EPS=0.16, akshare东方财富扣非净利润同比=2963.2%, 市值=203.0亿",0.022922636103151817,0.10227711308375143,202.9962956572081,59.78361973540538,0.4777228298721772,0.1576,0.1576,1.0,年报扣非EPS,,,,,低估价值,深度低估,79.5,低估价值,,28.56,22.32,28.4444748,22.32,-0.2184873949579832,-0.21531333740779768
sh.600809,山西汾酒,C15酒、饮料和精制茶制造业,消费,PE,PE低估,204.34,88.4,88.4,80.9,61.7,82.7,83.3,74.8,79.1,"PE=19.74, 低估均值=26.92, 比值=0.73, 分位=5%",-0.03975563909774438,0.20377025036818863,,,,,,,,19.740787,26.9152386,0.733442764278523,0.045714285714285714,低估且高质量,低估且高质量,79.1,低估且高质量,,204.34,129.84,200.15327774,129.84,-0.36458843104629535,-0.35129715852736243
sh.600179,安通控股,G58多式联运和运输代理业,G58多式联运和运输代理业,VALUE,基本价值线,2.97,100.0,100.0,57.7,64.4,44.8,78.2,60.2,69.2,"价值线=13.82, 现价/价值=0.21, 扣非EPS=0.11, akshare东方财富扣非净利润同比=925.8%, 市值=125.7亿",0.024137931034482918,0.10820895522388052,125.6552799210329,13.824822046034887,0.2148309750469323,0.1094,0.1094,1.0,年报扣非EPS,,,,,低估价值,深度低估,78.2,低估价值,,2.97,4.36,2.97,4.36,0.468013468013468,0.468013468013468
sh.600060,海信视像,C39计算机、通信和其他电子设备制造业,半导体/电子,VALUE,基本价值线,23.58,85.0,73.3,79.2,75.3,64.5,80.2,75.9,78.1,"价值线=32.01, 现价/价值=0.74, 扣非EPS=1.38, akshare东方财富扣非净利润同比=19.5%, 市值=310.1亿",-0.07890625000000007,0.005115089514066362,310.13636165868456,32.01027679463418,0.7366384286921464,1.382,1.382,1.0,年报扣非EPS,,,,,低估且高质量,深度低估且高质量,78.1,低估且高质量,,23.58,24.6,22.66184196,24.6,0.04325699745547085,0.08552517678929217
sh.600489,中金黄金,B09有色金属矿采选业,资源金属,VALUE,基本价值线,14.07,75.0,69.1,80.8,55.4,86.2,78.1,44.7,35.3,"Q1价值线=18.36, 现价/价值=0.77, akshare东方财富扣非净利润同比=71.1%, 市值=680.7亿",0.034558823529411864,0.019565217391304346,680.7395283486576,18.36340951937675,0.7661975835780159,0.73,0.73,1.0,年报扣非EPS,,,,,价值线左侧确认,基本价值线左侧,78.1,价值线左侧确认,0.7113415646775,14.07,23.79,13.70073285,23.79,0.6908315565031982,0.7364034654540395
sh.600690,海尔智家,C38电气机械和器材制造业,C38电气机械和器材制造业,VALUE,基本价值线,25.12,75.6,75.6,79.9,27.6,83.1,77.9,62.3,69.9,"Q1价值线=34.86, 现价/价值=0.72, akshare东方财富扣非净利润同比=15.6%, 市值=2317.4亿",-0.07031828275351582,-0.05599398722284854,2317.382840300029,34.86154417612562,0.7205647539044767,1.93,1.93,1.0,年报扣非EPS,,,,,价值线左侧确认,基本价值线左侧,77.9,价值线左侧确认,0.15608402992397,25.12,21.09,23.99743744,21.09,-0.16042993630573255,-0.12115616291403486
sh.600968,海油发展,B11开采专业及辅助性活动,B11开采专业及辅助性活动,VALUE,基本价值线,3.94,100.0,100.0,57.8,57.3,48.7,77.9,58.4,68.1,"价值线=7.44, 现价/价值=0.53, 扣非EPS=0.37, akshare东方财富扣非净利润同比=25.8%, 市值=400.5亿",0.0025445292620864812,-0.0174563591022443,400.51360528105255,7.442436092212933,0.5293965512344064,0.3743,0.3743,1.0,年报扣非EPS,,,,,低估价值,深度低估,77.9,低估价值,,3.94,4.23,3.8191996,4.23,0.07360406091370564,0.10756190904502616
sh.600584,长电科技,C39计算机、通信和其他电子设备制造业,半导体/电子,VALUE,基本价值线,34.32,45.5,45.5,76.5,27.1,81.5,0.0,0.0,0.0,"Q1价值线=30.96, 现价/价值=1.11, akshare东方财富扣非净利润同比=79.3%, 市值=617.6亿",-0.025830258302582898,-0.13311442283404906,617.6104547862419,30.95649911533447,1.108652495624074,0.86,0.86,1.0,年报扣非EPS,,,,,财报后主线候选,价值线附近/业绩强,76.7,财报后主线候选,0.79264458811645,34.32,58.33,34.16713872,58.33,0.6995920745920745,0.7071959252431075
sh.600312,平高电气,C38电气机械和器材制造业,C38电气机械和器材制造业,VALUE,基本价值线,16.75,75.0,55.3,80.8,29.5,64.4,76.0,60.1,65.6,"Q1价值线=19.41, 现价/价值=0.86, akshare东方财富扣非净利润同比=56.2%, 市值=227.3亿",-0.04667046101309047,-0.03513824884792627,227.29551686182498,19.414419030535498,0.862760815744997,0.7315,0.7315,1.0,年报扣非EPS,,,,,价值线左侧确认,基本价值线左侧,76.0,价值线左侧确认,0.5622998738784,16.75,21.82,16.49136325,21.82,0.3026865671641792,0.32311681388741476
sh.600731,湖南海利,C26化学原料和化学制品制造业,C26化学原料和化学制品制造业,PB,PB低估,6.68,94.8,94.8,38.0,85.4,43.2,74.5,58.2,66.4,"PB=1.16, 低估均值=1.90, 比值=0.61, 分位=12%",0.02297090352220521,0.1283783783783783,,,,,,,,1.160339,1.9019435999999998,0.6100806564400754,0.11795918367346939,低估价值,价值线内/历史低位,74.5,低估价值,,6.68,6.14,6.49597936,6.14,-0.08083832335329344,-0.054799952443198685
sh.600143,金发科技,C29橡胶和塑料制品业,资源金属,VALUE,基本价值线,11.11,85.0,63.6,61.4,57.6,68.8,73.6,62.3,67.9,"价值线=13.80, 现价/价值=0.81, 扣非EPS=0.26, akshare东方财富扣非净利润同比=168.6%, 市值=293.6亿",0.004520795660036159,0.08602150537634401,293.5711853944657,13.79912927375036,0.8051232639101509,0.2555,0.2555,1.0,年报扣非EPS,,,,,低估价值,深度低估,73.6,低估价值,,11.11,17.43,10.99988879,17.43,0.568856885688569,0.5845614744619614
sh.600066,宇通客车,C36汽车制造业,C36汽车制造业,VALUE,基本价值线,26.72,19.9,19.9,78.1,75.4,68.2,47.8,72.8,60.3,"价值线=24.06, 现价/价值=1.11, 扣非EPS=1.57, akshare东方财富扣非净利润同比=12.5%, 市值=590.3亿",-0.010736764161421775,-0.044349070100143106,590.3270193121018,24.06032940962078,1.1105417363619186,1.57,1.57,1.0,年报扣非EPS,,,,,高质量趋势,估值有约束的高质量,72.8,高质量趋势,,26.72,31.71,23.8343736,31.71,0.18675149700598803,0.3304314404134372
sh.600583,海油工程,B11开采专业及辅助性活动,B11开采专业及辅助性活动,VALUE,基本价值线,5.34,100.0,100.0,54.8,6.2,57.3,72.8,40.4,56.6,"价值线=10.95, 现价/价值=0.49, 扣非EPS=0.41, akshare东方财富扣非净利润同比=19.3%, 市值=235.6亿",-0.059859154929577496,0.009451795841209698,235.57033595121948,10.953118171281861,0.4875324009560148,0.41,0.41,1.0,年报扣非EPS,,,,,低估价值,深度低估,72.8,低估价值,,5.34,6.31,5.142954,6.31,0.18164794007490626,0.2269213374259229
sh.600827,百联股份,F52零售业,F52零售业,PE,PE低估,9.58,95.1,95.1,43.1,35.0,60.7,72.6,45.5,59.1,"PE=10.90, 低估均值=16.60, 比值=0.66, 分位=3%",0.03455723542116629,0.012684989429175397,,,,,,,,10.90347,16.597369999999998,0.6569396235668664,0.030406852248394005,低估价值,价值线内/历史低位,72.6,低估价值,,9.58,8.26,9.3365243,8.26,-0.13778705636743216,-0.11530246860708115
sh.600519,贵州茅台,C15酒、饮料和精制茶制造业,消费,PE,PE低估,1550.2,75.0,68.4,58.3,58.3,100.0,71.7,65.4,68.5,"PE=21.88, 低估均值=24.26, 比值=0.90, 分位=14%",0.0007617719590451433,0.10428836016526577,,,,,,,,21.877879,24.258029818181818,0.901881940288578,0.13591836734693877,低估价值,价值线内/历史低位,71.7,低估价值,,1550.2,1323.0,1494.9446712,1323.0,-0.14656173396981043,-0.11501741469935411
sh.600329,达仁堂,C27医药制造业,医药医疗,PE,PE低估,29.65,100.0,100.0,47.6,2.5,45.0,71.6,34.1,52.9,"PE=10.30, 低估均值=20.22, 比值=0.51, 分位=0%",-0.05241291147331417,-0.07053291536050155,,,,,,,,10.302645,20.223782363636364,0.5094321534296574,0.0024489795918367346,低估价值,价值线内/历史低位,71.6,低估价值,,29.65,42.5,27.03881345,42.5,0.43338954468802715,0.5718145353748871
sh.600300,维维股份,C15酒、饮料和精制茶制造业,消费,PE,PE低估,3.61,95.2,95.2,21.6,60.6,76.3,71.5,47.2,59.3,"PE=16.43, 低估均值=40.54, 比值=0.41, 分位=13%",0.07440476190476186,0.09393939393939399,,,,,,,,16.42833,40.53754375,0.40526209731195173,0.12571428571428572,低估价值,价值线内/历史低位,71.5,低估价值,,3.61,3.46,3.4835056,3.46,-0.04155124653739606,-0.006747685435039896
sh.600153,建发股份,L72商务服务业,L72商务服务业,VALUE,基本价值线,10.44,100.0,100.0,24.0,84.4,54.6,71.1,53.5,62.3,"价值线=20.64, 现价/价值=0.51, 扣非EPS=0.46, akshare东方财富扣非净利润同比=-65.3%, 市值=432.3亿",0.02152641878669259,0.11063829787234036,432.3002915727391,20.639297427559374,0.5058311716589543,0.46,0.46,1.0,年报扣非EPS,,,,,低估价值,深度低估,71.1,低估价值,,10.44,9.82,9.92180016,9.82,-0.059386973180076574,-0.01026025099864536
sh.600582,天地科技,C35专用设备制造业,C35专用设备制造业,VALUE,基本价值线,6.22,93.6,93.6,42.3,55.4,58.7,70.9,51.9,61.4,"价值线=10.45, 现价/价值=0.60, 扣非EPS=0.59, akshare东方财富扣非净利润同比=-29.0%, 市值=257.5亿",-0.029641185647425905,0.06872852233676974,257.5159760386091,10.451181523208323,0.5951480209378827,0.591,0.591,1.0,年报扣非EPS,,,,,低估价值,深度低估,70.9,低估价值,,6.22,5.43,5.9030599,5.43,-0.12700964630225087,-0.08013808228508745
sh.600276,恒瑞医药,C27医药制造业,医药医疗,PE,PE低估,51.0,75.0,58.1,45.2,86.1,96.4,70.8,68.7,69.8,"PE=47.55, 低估均值=47.74, 比值=1.00, 分位=17%",0.002949852507374562,0.1588275391956373,,,,,,,,47.551243,47.73868981818182,0.9960734821400477,0.1689795918367347,低估价值,价值线内/历史低位,70.8,低估价值,,51.0,52.43,50.816553,52.43,0.028039215686274543,0.031750421954043206
sh.600352,浙江龙盛,C26化学原料和化学制品制造业,C26化学原料和化学制品制造业,PB,PB低估,9.9,88.4,88.4,40.0,61.3,58.9,70.7,52.7,61.7,"PB=0.93, 低估均值=1.38, 比值=0.67, 分位=13%",0.043203371970495175,0.03125,,,,,,,,0.929172,1.3785399999999999,0.6740261436012013,0.1310204081632653,低估价值,价值线内/历史低位,70.7,低估价值,,9.9,11.68,9.4682313,11.68,0.17979797979797962,0.23359892992897202
sh.600301,华锡有色,B09有色金属矿采选业,资源金属,PB,PB低估,19.72,91.2,91.2,45.0,30.5,58.9,70.3,44.3,57.3,"PB=3.01, 低估均值=4.41, 比值=0.68, 分位=8%",-0.13204225352112675,0.10911136107986485,,,,,,,,3.006227,4.409224125,0.681804080440116,0.07681879801174876,低估价值,价值线内/历史低位,70.3,低估价值,,19.72,55.73,19.72,55.73,1.8260649087221097,1.8260649087221097
sh.600812,华北制药,C27医药制造业,医药医疗,PE,PE低估,6.09,94.2,94.2,30.7,56.0,46.1,69.7,45.0,57.4,"PE=62.82, 低估均值=94.79, 比值=0.66, 分位=6%",-0.025600000000000067,0.07787610619469021,,,,,,,,62.819114,94.78664777777777,0.6627422265979492,0.05600403632694248,低估价值,价值线内/历史低位,69.7,低估价值,,6.09,4.97,6.06336843,4.97,-0.1839080459770115,-0.18032360108455425
sh.600528,中铁工业,C35专用设备制造业,C35专用设备制造业,VALUE,基本价值线,7.39,100.0,100.0,37.5,28.5,45.6,68.7,38.7,53.7,"价值线=15.79, 现价/价值=0.47, 扣非EPS=0.70, akshare东方财富扣非净利润同比=-31.6%, 市值=173.3亿",-0.10532687651331718,-0.030183727034120755,173.25626412625567,15.79106689999665,0.467986111818801,0.7,0.7,1.0,年报扣非EPS,,,,,低估价值,深度低估,68.7,低估价值,,7.39,7.61,7.30733546,7.61,0.02976995940460081,0.04141927541944268
sh.600521,华海药业,C27医药制造业,医药医疗,PE,PE低估,14.35,99.6,99.6,32.1,1.2,57.0,68.6,28.4,48.5,"PE=18.89, 低估均值=31.22, 比值=0.61, 分位=3%",-0.12286063569682149,-0.07538659793814428,,,,,,,,18.889284,31.216030181818187,0.6051148685460358,0.027755102040816326,低估价值,价值线内/历史低位,68.6,低估价值,,14.35,16.18,14.180383,16.18,0.1275261324041812,0.14101290494057883
sh.600761,安徽合力,C34通用设备制造业,C34通用设备制造业,VALUE,基本价值线,16.34,85.0,75.9,51.2,47.7,59.7,68.6,53.0,60.8,"价值线=22.74, 现价/价值=0.72, 扣非EPS=1.25, akshare东方财富扣非净利润同比=-13.8%, 市值=136.0亿",-0.15555555555555567,-0.04556074766355145,135.9965055398112,22.737136634890128,0.7186480981482196,1.25,1.25,1.0,年报扣非EPS,,,,,低估价值,深度低估,68.6,低估价值,,16.34,19.35,15.6621351,19.35,0.1842105263157896,0.23546373955106548
sh.600008,首创环保,D46水的生产和供应业,D46水的生产和供应业,PB,PB低估,3.16,86.0,86.0,36.9,59.3,58.0,68.3,50.3,59.3,"PB=1.10, 低估均值=1.54, 比值=0.71, 分位=12%",0.006369426751592355,0.019354838709677358,,,,,,,,1.097442,1.539734909090909,0.7127473654851095,0.11591836734693878,低估价值,价值线内/历史低位,68.3,低估价值,,3.16,3.08,2.95517512,3.08,-0.025316455696202556,0.04223941896208183
sh.600685,中船防务,C37铁路、船舶、航空航天和其他运输设备制造业,C37铁路、船舶、航空航天和其他运输设备制造业,VALUE,基本价值线,24.06,85.0,59.5,53.4,36.2,60.8,68.2,50.1,59.1,"价值线=28.86, 现价/价值=0.83, 扣非EPS=0.24, akshare东方财富扣非净利润同比=605.3%, 市值=340.1亿",0.03886010362694292,0.0317324185248713,340.1320086588121,28.85739905888269,0.833754973929087,0.2374,0.2374,1.0,年报扣非EPS,,,,,低估价值,深度低估,68.2,低估价值,,24.06,30.32,23.92639482,30.32,0.2601828761429761,0.26721974740028975
sh.600258,首旅酒店,H61住宿业,消费,VALUE,基本价值线,14.93,85.0,59.8,49.3,42.7,65.9,68.1,51.3,59.7,"价值线=17.96, 现价/价值=0.83, 扣非EPS=0.66, akshare东方财富扣非净利润同比=12.0%, 市值=166.7亿",0.05066854327938053,0.1537867078825348,166.69986903834777,17.96148042863104,0.8312232423893753,0.6567,0.6567,1.0,年报扣非EPS,,,,,低估价值,深度低估,68.1,低估价值,,14.93,13.54,14.54304426,13.54,-0.09310113864701941,-0.06897072181502117
sh.600522,中天科技,C38电气机械和器材制造业,C38电气机械和器材制造业,VALUE,基本价值线,14.06,85.0,75.3,49.0,34.8,72.6,67.9,49.3,58.6,"价值线=19.46, 现价/价值=0.72, 扣非EPS=0.75, akshare东方财富扣非净利润同比=20.5%, 市值=478.4亿",-0.024288688410825765,0.05239520958083843,478.3971916082994,19.456652060697117,0.7226320312527725,0.748,0.748,1.0,年报扣非EPS,,,,,低估价值,深度低估,67.9,低估价值,,14.06,43.95,13.76585074,43.95,2.1258890469416785,2.192683171574182
sh.600132,重庆啤酒,C15酒、饮料和精制茶制造业,消费,PE,PE低估,57.79,75.0,73.9,70.0,35.1,55.1,67.8,55.8,61.8,"PE=24.63, 低估均值=29.37, 比值=0.84, 分位=13%",-0.027104377104377075,0.06095098219203221,,,,,,,,24.634718,29.374437555555556,0.8386447554411425,0.13471502590673576,低估价值,价值线内/历史低位,67.8,低估价值,,57.79,52.72,55.49839534,52.72,-0.08773144142585221,-0.050062624747593376
sh.600150,中国船舶,C37铁路、船舶、航空航天和其他运输设备制造业,C37铁路、船舶、航空航天和其他运输设备制造业,VALUE,基本价值线,29.59,75.0,55.8,64.8,26.7,81.9,67.8,54.5,61.1,"价值线=34.42, 现价/价值=0.86, 扣非EPS=0.69, akshare东方财富扣非净利润同比=230.2%, 市值=1317.4亿",-0.03678385416666663,-0.11776982707215267,1317.3564489130438,34.41809899769968,0.8597220898800261,0.69,0.69,1.0,年报扣非EPS,,,,,低估价值,价值线内/历史低位,67.8,低估价值,,29.59,38.17,29.35014346,38.17,0.28996282527881045,0.3005047165108474
sh.600875,东方电气,C34通用设备制造业,C34通用设备制造业,VALUE,基本价值线,16.16,85.0,58.6,42.0,64.3,63.0,67.8,55.1,61.5,"价值线=19.24, 现价/价值=0.84, 扣非EPS=0.64, akshare东方财富扣非净利润同比=0.2%, 市值=500.1亿",0.03589743589743599,0.09782608695652173,500.062920416425,19.23638920302205,0.8400744978408553,0.64,0.64,1.0,年报扣非EPS,,,,,低估价值,深度低估,67.8,低估价值,,16.16,39.97,15.84158336,39.97,1.4733910891089108,1.5231063771645612
sh.600639,浦东金桥,K70房地产业,资源金属,PB,PB低估,10.51,97.9,97.9,38.2,4.6,38.1,67.6,29.4,48.5,"PB=0.82, 低估均值=1.31, 比值=0.62, 分位=4%",-0.06244424620874234,-0.022325581395348904,,,,,,,,0.818331,1.310946818181818,0.624228983701232,0.036734693877551024,低估价值,价值线内/历史低位,67.6,低估价值,,10.51,10.07,10.20887799,10.07,-0.04186489058039955,-0.01360364871987263
sh.600585,海螺水泥,C30非金属矿物制品业,资源金属,PB,PB低估,24.02,97.4,97.4,15.0,33.6,67.6,67.5,33.5,50.5,"PB=0.67, 低估均值=1.07, 比值=0.62, 分位=6%",-0.002077274615704172,0.012220817530552042,,,,,,,,0.66922,1.0726063636363636,0.6239194756697154,0.05795918367346939,低估价值,价值线内/历史低位,67.5,低估价值,,24.02,20.04,23.01075166,20.04,-0.16569525395503748,-0.12910276482467598
sh.600233,圆通速递,G60邮政业,G60邮政业,PB,PB低估,13.17,95.2,95.2,24.5,32.9,54.1,67.2,35.4,51.3,"PB=1.40, 低估均值=2.13, 比值=0.66, 分位=0%",0.024105754276827485,-0.022271714922049046,,,,,,,,1.395062,2.128965,0.6552770947385232,0.003673469387755102,低估价值,价值线内/历史低位,67.2,低估价值,,13.17,19.78,12.80669238,19.78,0.501898253606682,0.5445049676441125
sh.600176,中国巨石,C30非金属矿物制品业,资源金属,PB,PB低估,12.03,83.7,83.7,26.5,81.0,61.9,67.0,53.7,60.4,"PB=1.57, 低估均值=2.06, 比值=0.76, 分位=9%",-0.06381322957198443,0.10773480662983426,,,,,,,,1.565101,2.0636045454545457,0.758430680649261,0.08979591836734693,低估价值,价值线内/历史低位,67.0,低估价值,,12.03,34.14,11.66618874,34.14,1.8379052369077309,1.9264055949089673
sh.600389,江山股份,C26化学原料和化学制品制造业,C26化学原料和化学制品制造业,PB,PB低估,17.03,84.1,84.1,35.1,73.1,46.9,67.0,52.6,59.8,"PB=1.89, 低估均值=2.58, 比值=0.74, 分位=12%",0.14602960969044432,0.18841591067690167,,,,,,,,1.894312,2.575934727272727,0.7353881990657443,0.11591836734693878,低估价值,价值线内/历史低位,67.0,低估价值,,17.03,26.4,16.64108589,26.4,0.5502055196711684,0.5864349342649777
sh.600048,保利发展,K70房地产业,K70房地产业,PB,PB低估,8.35,100.0,100.0,0.0,34.1,83.0,66.7,29.4,48.0,"PB=0.51, 低估均值=1.10, 比值=0.47, 分位=3%",0.007237635705669598,0.014580801944106936,,,,,,,,0.513983,1.0987143750000001,0.467804018674098,0.026938775510204082,低估价值,价值线内/历史低位,66.7,低估价值,,8.35,6.05,8.17233705,6.05,-0.27544910179640714,-0.25969768953667904
sh.600211,西藏药业,C27医药制造业,医药医疗,PE,PE低估,35.69,94.1,94.1,29.4,29.8,46.4,66.7,35.3,51.0,"PE=11.42, 低估均值=17.08, 比值=0.67, 分位=1%",-0.07849212496772529,-0.005295429208472813,,,,,,,,11.416243,17.084392777777776,0.6682264420219534,0.0069387755102040816,低估价值,价值线内/历史低位,66.7,低估价值,,35.69,41.2,35.0240246,41.2,0.15438498178761573,0.17633540035830175
sh.600273,嘉化能源,C26化学原料和化学制品制造业,C26化学原料和化学制品制造业,PB,PB低估,8.51,86.3,86.3,22.5,84.7,51.6,66.7,51.8,59.3,"PB=1.14, 低估均值=1.60, 比值=0.71, 分位=11%",0.04802955665024644,0.09523809523809534,,,,,,,,1.142946,1.6029316999999998,0.7130347475191864,0.11142857142857143,低估价值,价值线内/历史低位,66.7,低估价值,,8.51,7.82,8.13217302,7.82,-0.08108108108108103,-0.03838740509237215
sh.600109,国金证券,J67资本市场服务,金融,PB,PB低估,8.2,91.0,91.0,32.0,31.7,54.1,66.6,38.2,52.4,"PB=0.89, 低估均值=1.26, 比值=0.70, 分位=3%",-0.034157832744405314,-0.0012180267965896663,,,,,,,,0.887973,1.262053909090909,0.7035935577741133,0.02857142857142857,低估价值,价值线内/历史低位,66.6,低估价值,,8.2,8.81,8.0930474,8.81,0.07439024390243909,0.0885887064000146
sh.600167,联美控股,D44电力、热力生产和供应业,D44电力、热力生产和供应业,PB,PB低估,6.02,98.7,98.7,15.8,63.5,20.3,66.6,37.3,52.0,"PB=1.19, 低估均值=2.15, 比值=0.56, 分位=7%",0.03614457831325302,0.08078994614003587,,,,,,,,1.194362,2.1511968,0.5552081520389022,0.06979591836734694,低估价值,价值线内/历史低位,66.6,低估价值,,6.02,6.77,5.8134839,6.77,0.12458471760797352,0.1645340584842765
sh.600789,鲁抗医药,C27医药制造业,医药医疗,PE,PE低估,10.15,75.0,63.8,36.3,79.0,83.2,66.6,60.2,63.4,"PE=22.47, 低估均值=22.51, 比值=1.00, 分位=8%",-0.08968609865470856,0.07978723404255317,,,,,,,,22.471954,22.510826857142856,0.9982731484103383,0.07629054362722705,低估价值,价值线内/历史低位,66.6,低估价值,,10.15,8.34,10.03890825,8.34,-0.17832512315270943,-0.1692323714583207
sh.600933,爱柯迪,C36汽车制造业,C36汽车制造业,VALUE,基本价值线,17.2,75.0,44.5,60.2,52.8,57.6,66.6,58.0,62.3,"价值线=18.33, 现价/价值=0.94, 扣非EPS=0.92, akshare东方财富扣非净利润同比=6.6%, 市值=164.4亿",0.03864734299516903,-0.03533370723499718,164.369228385,18.332099687091635,0.9382449524923328,0.92,0.92,1.0,年报扣非EPS,,,,,低估价值,价值线内/历史低位,66.6,低估价值,,17.2,17.36,16.8771044,17.36,0.009302325581395321,0.028612467432505673
sh.600186,莲花控股,C14食品制造业,消费,PE,PE低估,6.86,75.0,64.0,38.6,71.2,83.5,66.4,58.6,62.5,"PE=48.38, 低估均值=52.29, 比值=0.93, 分位=17%",0.11363636363636376,0.275092936802974,,,,,,,,48.383589,52.2907922,0.9252793267109846,0.1720351390922401,低估价值,价值线内/历史低位,66.4,低估价值,,6.86,10.51,6.86,10.51,0.532069970845481,0.532069970845481
sh.600499,科达制造,C35专用设备制造业,C35专用设备制造业,VALUE,基本价值线,9.06,85.0,69.5,40.5,66.3,49.3,66.2,53.1,59.7,"价值线=11.86, 现价/价值=0.76, 扣非EPS=0.49, akshare东方财富扣非净利润同比=17.1%, 市值=170.9亿",0.037800687285223455,0.13533834586466176,170.92770516393443,11.864450152313797,0.763625779845611,0.488,0.488,1.0,年报扣非EPS,,,,,低估价值,深度低估,66.2,低估价值,,9.06,17.01,8.8898985,17.01,0.8774834437086094,0.9134076727647682
sh.600779,水井坊,C15酒、饮料和精制茶制造业,消费,PE,PE低估,46.49,98.4,98.4,24.3,7.7,51.9,66.2,26.4,46.3,"PE=16.85, 低估均值=27.64, 比值=0.61, 分位=6%",-0.041047854785478455,0.024008810572687223,,,,,,,,16.850258,27.640956000000003,0.6096119830298199,0.06212882594792143,低估价值,价值线内/历史低位,66.2,低估价值,,46.49,30.98,45.45304055,30.98,-0.33362013336201335,-0.31841743423257074
sh.600009,上海机场,G56航空运输业,G56航空运输业,PB,PB低估,32.25,88.5,88.5,42.3,6.8,60.4,66.0,34.9,50.4,"PB=1.90, 低估均值=2.60, 比值=0.73, 分位=0%",-0.004322321704229748,-0.023023326264768218,,,,,,,,1.902534,2.5975741818181817,0.732427205858781,0.004897959183673469,低估价值,价值线内/历史低位,66.0,低估价值,,32.25,25.57,31.73970825,25.57,-0.20713178294573642,-0.1943845293537
sh.600309,万华化学,C26化学原料和化学制品制造业,C26化学原料和化学制品制造业,PB,PB低估,55.06,96.8,96.8,15.0,0.0,90.1,66.0,25.1,45.5,"PB=1.76, 低估均值=2.76, 比值=0.64, 分位=0%",-0.17314912148971318,-0.1870662926325115,,,,,,,,1.758464,2.7597282727272727,0.6371873699950236,0.004489795918367347,低估价值,价值线内/历史低位,66.0,低估价值,,55.06,79.9,54.33618124,79.9,0.4511442063203779,0.47047507161178626
sh.600699,均胜电子,C39计算机、通信和其他电子设备制造业,半导体/电子,VALUE,基本价值线,16.8,75.0,52.7,57.7,47.8,63.4,65.9,56.0,61.0,"价值线=19.06, 现价/价值=0.88, 扣非EPS=0.91, akshare东方财富扣非净利润同比=2.8%, 市值=236.6亿",-0.05776780706674134,-0.0604026845637583,236.6457444923077,19.062344682811347,0.8813186562064782,0.91,0.91,1.0,年报扣非EPS,,,,,低估价值,价值线内/历史低位,65.9,低估价值,,16.8,30.93,16.5640272,30.93,0.8410714285714285,0.8672995175955758
sh.600550,保变电气,C38电气机械和器材制造业,C38电气机械和器材制造业,VALUE,基本价值线,7.86,85.0,75.7,42.5,32.4,63.3,64.8,44.2,54.5,"价值线=10.92, 现价/价值=0.72, 扣非EPS=0.05, akshare东方财富扣非净利润同比=2058.4%, 市值=146.1亿",-0.10376282782212076,0.04800000000000004,146.12029212710206,10.918307731093824,0.7198917811792217,0.049,0.049,1.0,年报扣非EPS,,,,,低估价值,深度低估,64.8,低估价值,,7.86,15.14,7.86,15.14,0.9262086513994912,0.9262086513994912
sh.600801,华新建材,C30非金属矿物制品业,资源金属,PB,PB低估,12.15,91.5,91.5,16.2,50.8,49.4,64.4,37.1,50.7,"PB=0.83, 低估均值=1.19, 比值=0.70, 分位=1%",-0.11184210526315785,0.015886287625417994,,,,,,,,0.828636,1.1876670000000003,0.6977006181025488,0.01020408163265306,低估价值,价值线内/历史低位,64.4,低估价值,,12.15,19.19,11.50309755,19.19,0.5794238683127573,0.6682463064046607
sh.600660,福耀玻璃,C30非金属矿物制品业,资源金属,PB,PB低估,58.0,43.9,43.9,88.9,32.4,75.4,0.0,0.0,0.0,"Q1价值线=51.76, 现价/价值=1.12, akshare东方财富扣非净利润同比=30.9%, 市值=1515.3亿",0.011333914559720881,-0.022746419545071617,1515.3262463929825,51.76434400520714,1.1204623783924625,2.85,2.85,1.0,年报扣非EPS,,,,,财报后主线候选,价值线附近/业绩强,64.2,财报后主线候选,0.30902322566404,58.0,55.41,54.367518,55.41,-0.04465517241379313,0.01917472120025776
sh.600507,方大特钢,C31黑色金属冶炼和压延加工业,资源金属,PB,PB低估,4.46,96.8,96.8,2.0,59.4,43.2,64.0,33.0,48.5,"PB=1.08, 低估均值=1.86, 比值=0.58, 分位=10%",0.04449648711943799,0.09313725490196068,,,,,,,,1.080288,1.8633212727272725,0.5797647543726173,0.10081632653061225,低估价值,价值线内/历史低位,64.0,低估价值,,4.46,4.93,4.42799058,4.93,0.10538116591928248,0.11337183558326336
sh.600668,尖峰集团,C30非金属矿物制品业,资源金属,PB,PB低估,12.48,90.5,90.5,0.0,96.2,46.7,64.0,45.2,54.6,"PB=0.75, 低估均值=1.19, 比值=0.63, 分位=16%",0.15448658649398705,0.24302788844621537,,,,,,,,0.751411,1.187913,0.6325471646492631,0.15551020408163266,低估价值,价值线内/历史低位,64.0,低估价值,,12.48,8.6,10.3348752,8.6,-0.3108974358974359,-0.1678661005988733
sh.600161,天坛生物,C27医药制造业,医药医疗,PE,PE低估,19.21,87.8,87.8,21.4,25.9,76.4,63.9,34.5,49.2,"PE=25.72, 低估均值=36.87, 比值=0.70, 分位=11%",-0.06201171875,-0.09642521166509876,,,,,,,,25.724208,36.871855999999994,0.6976651243159554,0.1089599279603782,低估价值,价值线内/历史低位,63.9,低估价值,,19.21,13.52,18.96073104,13.52,-0.2961998958875586,-0.28694732436856507
sh.600882,妙可蓝多,C14食品制造业,消费,PE,PE低估,26.35,75.0,62.9,34.1,72.7,68.1,63.8,54.7,59.3,"PE=85.57, 低估均值=91.29, 比值=0.94, 分位=17%",0.11937128292268495,0.4712451144611949,,,,,,,,85.57372,91.28950257142857,0.9373883917599801,0.17356260075228372,低估价值,价值线内/历史低位,63.8,低估价值,,26.35,19.75,26.35,19.75,-0.2504743833017078,-0.2504743833017078
sh.600089,特变电工,C38电气机械和器材制造业,C38电气机械和器材制造业,VALUE,基本价值线,11.66,90.0,90.0,31.4,30.4,62.6,63.7,38.7,51.2,"价值线=18.81, 现价/价值=0.62, 扣非EPS=0.76, akshare东方财富扣非净利润同比=-22.6%, 市值=606.5亿",-0.03316749585406309,-0.02752293577981657,606.5494421872936,18.81200647786635,0.6198169245645758,0.7571,0.7571,1.0,年报扣非EPS,,,,,低估价值,深度低估,63.7,低估价值,,11.66,26.76,11.42605376,26.76,1.2950257289879934,1.3420159367428006
sh.600664,哈药股份,C27医药制造业,医药医疗,PE,PE低估,3.68,85.3,85.3,33.4,31.3,52.4,63.7,38.1,50.9,"PE=13.94, 低估均值=18.12, 比值=0.77, 分位=4%",-0.010752688172043001,-0.026455026455026398,,,,,,,,13.936293,18.118884125,0.7691584594203038,0.03901234567901234,低估价值,价值线内/历史低位,63.7,低估价值,,3.68,3.53,3.68,3.53,-0.04076086956521752,-0.04076086956521752
sh.600216,浙江医药,C27医药制造业,医药医疗,PE,PE低估,13.47,100.0,100.0,0.0,28.0,57.9,63.6,23.5,43.5,"PE=8.87, 低估均值=14.81, 比值=0.60, 分位=0%",-0.0022222222222221255,-0.10199999999999998,,,,,,,,8.872422,14.809385777777777,0.5991080341301874,0.0012244897959183673,低估价值,价值线内/历史低位,63.6,低估价值,,13.47,13.89,13.14742044,13.89,0.031180400890868487,0.05648100807218137
sh.600707,彩虹股份,C39计算机、通信和其他电子设备制造业,半导体/电子,VALUE,基本价值线,6.88,85.0,76.3,45.9,25.0,48.1,63.6,40.9,52.2,"价值线=9.61, 现价/价值=0.72, 扣非EPS=0.29, akshare东方财富扣非净利润同比=22.0%, 市值=246.9亿",-0.09473684210526312,-0.1915393654524089,246.87870933492047,9.612702261746218,0.7157196605765045,0.289,0.289,1.0,年报扣非EPS,,,,,低估价值,深度低估,63.6,低估价值,,6.88,10.87,6.88,10.87,0.5799418604651161,0.5799418604651161
sh.600848,上海临港,K70房地产业,K70房地产业,PB,PB低估,9.08,100.0,100.0,16.2,3.7,42.4,63.6,19.9,41.8,"PB=1.20, 低估均值=2.71, 比值=0.44, 分位=1%",-0.05318039624608961,-0.047219307450157344,,,,,,,,1.196392,2.7097707499999997,0.4415104119047709,0.008571428571428572,低估价值,价值线内/历史低位,63.6,低估价值,,9.08,8.78,8.89582128,8.78,-0.033039647577092546,-0.013019739982905842
sh.600720,中交设计,M74专业技术服务业,M74专业技术服务业,VALUE,基本价值线,7.86,95.4,95.4,39.3,2.0,35.7,63.3,28.5,45.9,"价值线=13.50, 现价/价值=0.58, 扣非EPS=0.77, akshare东方财富扣非净利润同比=-10.4%, 市值=166.6亿",-0.07529411764705873,-0.06428571428571428,166.62267232030084,13.504531809131791,0.5820268418846667,0.7712,0.7712,1.0,年报扣非EPS,,,,,低估价值,深度低估,63.3,低估价值,,7.86,6.33,7.63790784,6.33,-0.19465648854961837,-0.17123901824926968
sh.600114,东睦股份,C33金属制品业,资源金属,VALUE,基本价值线,21.14,0.0,0.0,71.9,61.4,62.1,33.9,63.2,48.5,"价值线=13.27, 现价/价值=1.59, 扣非EPS=0.61, akshare东方财富扣非净利润同比=40.0%, 市值=131.2亿",0.016346153846153788,0.15330060010911084,131.1931173291246,13.269570796021185,1.5931185962954224,0.61,0.61,1.0,年报扣非EPS,,,,,高质量趋势,估值有约束的高质量,63.2,高质量趋势,,21.14,32.11,20.82896718,32.11,0.5189214758751182,0.5416030820208917
sh.600874,创业环保,D46水的生产和供应业,D46水的生产和供应业,PB,PB低估,5.7,100.0,100.0,7.4,32.2,30.2,63.1,24.1,43.6,"PB=0.90, 低估均值=1.55, 比值=0.58, 分位=1%",-0.027303754266211677,0.0035211267605634866,,,,,,,,0.902027,1.5475166363636363,0.5828867870006156,0.012653061224489797,低估价值,价值线内/历史低位,63.1,低估价值,,5.7,5.99,5.5429479,5.99,0.050877192982456076,0.08065240880218272
sh.600531,豫光金铅,C32有色金属冶炼和压延加工业,资源金属,PB,PB低估,7.1,75.0,68.0,42.0,54.5,57.9,63.0,50.4,56.7,"PB=1.36, 低估均值=1.49, 比值=0.91, 分位=13%",-0.02203856749311295,0.04565537555228261,,,,,,,,1.358309,1.494939090909091,0.9086049112368823,0.1326530612244898,低估价值,价值线内/历史低位,63.0,低估价值,,7.1,14.9,6.9059641,14.9,1.098591549295775,1.1575553802835437
sh.600711,盛屯矿业,B09有色金属矿采选业,资源金属,PB,PB低估,5.45,75.0,73.3,39.5,56.8,62.2,63.0,50.7,56.9,"PB=1.06, 低估均值=1.29, 比值=0.83, 分位=16%",-0.061962134251290824,0.12139917695473246,,,,,,,,1.061551,1.2851598,0.8260070070663585,0.16122448979591836,低估价值,价值线内/历史低位,63.0,低估价值,,5.45,12.5,5.42835805,12.5,1.2935779816513762,1.3027220910750352
sh.600459,贵研铂业,C32有色金属冶炼和压延加工业,资源金属,PB,PB低估,13.45,87.8,87.8,29.1,30.4,42.9,62.9,34.6,48.7,"PB=1.40, 低估均值=1.89, 比值=0.74, 分位=1%",-0.03097982708933733,-0.028880866425992857,,,,,,,,1.402669,1.8940581818181819,0.7405627839021937,0.01020408163265306,低估价值,价值线内/历史低位,62.9,低估价值,,13.45,20.85,13.24024725,20.85,0.5501858736059482,0.5747440063855305
sh.600833,第一医药,F52零售业,医药医疗,PE,PE低估,12.02,91.1,91.1,38.5,2.6,25.7,62.6,26.7,44.6,"PE=20.35, 低估均值=32.09, 比值=0.63, 分位=14%",-0.05651491365777084,-0.06531881804043549,,,,,,,,20.353462,32.091368599999996,0.634234776761749,0.14244897959183672,低估价值,价值线内/历史低位,62.6,低估价值,,12.02,11.51,11.81966266,11.51,-0.04242928452579031,-0.02619894229705544
sh.600063,皖维高新,C26化学原料和化学制品制造业,C26化学原料和化学制品制造业,PB,PB低估,4.54,75.0,64.5,32.5,84.8,45.9,62.4,55.0,58.7,"PB=1.13, 低估均值=1.24, 比值=0.92, 分位=18%",-0.025751072961373467,0.15521628498727735,,,,,,,,1.131023,1.2359792727272725,0.9150824977059046,0.17877551020408164,低估价值,价值线内/历史低位,62.4,低估价值,,4.54,6.23,4.41712944,6.23,0.3722466960352424,0.41041825570771606
sh.600378,昊华科技,C26化学原料和化学制品制造业,C26化学原料和化学制品制造业,PB,PB低估,25.97,100.0,100.0,14.7,2.5,34.8,62.4,17.7,40.1,"PB=1.93, 低估均值=3.25, 比值=0.60, 分位=0%",-0.0535714285714286,-0.0695091365102114,,,,,,,,1.934694,3.245607363636364,0.5960961334005532,0.0008163265306122449,低估价值,价值线内/历史低位,62.4,低估价值,,25.97,35.41,25.69230279,35.41,0.3634963419329995,0.378233795912694
sh.600388,龙净环保,C35专用设备制造业,C35专用设备制造业,VALUE,基本价值线,11.71,85.0,69.3,43.9,27.8,39.3,62.4,39.6,51.0,"价值线=15.31, 现价/价值=0.77, 扣非EPS=0.71, akshare东方财富扣非净利润同比=0.5%, 市值=125.6亿",-0.07357594936708856,-0.04874086108854592,125.59084721050706,15.305109305283397,0.7651039771377296,0.71,0.71,1.0,年报扣非EPS,,,,,低估价值,深度低估,62.4,低估价值,,11.71,18.49,11.4349321,18.49,0.5789923142613149,0.6169750583827254
sh.600559,老白干酒,C15酒、饮料和精制茶制造业,消费,PE,PE低估,17.63,89.1,89.1,29.6,4.6,55.6,62.4,27.7,45.1,"PE=20.08, 低估均值=27.66, 比值=0.73, 分位=0%",-0.04547915538711422,-0.03397260273972613,,,,,,,,20.075299,27.662322125000003,0.7257271789867857,0.004897959183673469,低估价值,价值线内/历史低位,62.4,低估价值,,17.63,13.28,17.05624928,13.28,-0.24673851389676682,-0.2213997472719864
sh.600671,天目药业,C27医药制造业,医药医疗,PE,PE低估,13.97,79.9,79.9,23.8,100.0,25.1,62.4,53.5,58.0,"PE=56.59, 低估均值=126.45, 比值=0.45, 分位=37%",0.2462087421944692,0.4476683937823833,,,,,,,,56.589681,126.448558,0.4475312482408854,0.3657289002557545,低估价值,价值线内/历史低位,62.4,低估价值,,13.97,19.06,13.97,19.06,0.3643521832498209,0.3643521832498209
sh.600746,江苏索普,C26化学原料和化学制品制造业,C26化学原料和化学制品制造业,PB,PB低估,8.51,75.0,69.1,32.5,64.0,66.5,62.4,50.8,56.6,"PB=1.83, 低估均值=2.23, 比值=0.82, 分位=24%",0.0155131264916466,0.20709219858156036,,,,,,,,1.825734,2.2290128571428567,0.8190773750584021,0.23755102040816325,低估价值,价值线内/历史低位,62.4,低估价值,,8.51,7.4,8.4568125,7.4,-0.13043478260869557,-0.12496581897730374
sh.600018,上港集团,G55水上运输业,G55水上运输业,PB,PB低估,5.47,91.0,91.0,25.2,4.8,54.4,62.3,25.8,44.0,"PB=0.93, 低估均值=1.32, 比值=0.70, 分位=0%",-0.0369718309859155,-0.0369718309859155,,,,,,,,0.926143,1.3150588,0.7042597638980097,0.0008163265306122449,低估价值,价值线内/历史低位,62.3,低估价值,,5.47,5.06,5.28807327,5.06,-0.07495429616087756,-0.043129748465077555
sh.600872,中炬高新,C14食品制造业,消费,PE,PE低估,19.26,96.0,96.0,15.0,1.6,56.2,62.3,20.5,41.4,"PE=18.06, 低估均值=33.74, 比值=0.54, 分位=11%",-0.0744834214320037,-0.07314725697786328,,,,,,,,18.063082,33.73932744444445,0.5353717269481104,0.11363636363636363,低估价值,价值线内/历史低位,62.3,低估价值,,19.26,20.06,18.83086794,20.06,0.041536863966770365,0.06527219371493276
sh.600989,宝丰能源,C26化学原料和化学制品制造业,C26化学原料和化学制品制造业,PB,PB低估,15.78,75.0,70.4,44.2,30.0,69.9,62.3,44.6,53.5,"PB=2.54, 低估均值=2.70, 比值=0.94, 分位=1%",0.0019047619047618536,-0.06350148367952535,,,,,,,,2.54493,2.702912285714286,0.9415510867484415,0.008977900552486187,低估价值,价值线内/历史低位,62.3,低估价值,,15.78,29.23,14.9162817,29.23,0.85234474017744,0.9596036457262669
sh.600392,盛和资源,C32有色金属冶炼和压延加工业,资源金属,PB,PB低估,11.64,78.9,78.9,34.5,39.1,62.9,62.2,42.6,52.4,"PB=2.11, 低估均值=2.63, 比值=0.80, 分位=11%",0.06593406593406592,0.06887052341597788,,,,,,,,2.110297,2.6288483,0.8027458259953608,0.10571428571428572,低估价值,价值线内/历史低位,62.2,低估价值,,11.64,24.05,11.52760416,24.05,1.0661512027491407,1.0862964815752316
sh.600248,陕建股份,E48土木工程建筑业,E48土木工程建筑业,PB,PB低估,3.91,100.0,100.0,11.0,1.4,42.2,62.1,16.8,39.5,"PB=0.59, 低估均值=1.20, 比值=0.49, 分位=1%",-0.08857808857808858,-0.07125890736342033,,,,,,,,0.585062,1.1987703,0.4880517977464072,0.014285714285714285,低估价值,价值线内/历史低位,62.1,低估价值,,3.91,3.36,3.81999962,3.36,-0.14066496163682873,-0.12041876066992907
sh.600729,重百集团,F52零售业,F52零售业,PE,PE低估,31.29,75.0,61.5,37.7,59.6,53.1,62.0,49.6,55.8,"PE=10.17, 低估均值=10.93, 比值=0.93, 分位=20%",0.042652449183605334,0.09789473684210526,,,,,,,,10.174775,10.928155700000001,0.9310605814300393,0.20489795918367346,低估价值,价值线内/历史低位,62.0,低估价值,,31.29,19.45,29.66016648,19.45,-0.37839565356343885,-0.3442383402293028
sh.600064,南京高科,K70房地产业,K70房地产业,PB,PB低估,7.26,78.9,78.9,42.3,32.7,44.2,61.7,41.1,51.4,"PB=0.65, 低估均值=0.82, 比值=0.79, 分位=12%",-0.009549795361528002,0.0,,,,,,,,0.651314,0.8203690909090909,0.7939280102304284,0.11673469387755102,低估价值,价值线内/历史低位,61.7,低估价值,,7.26,7.64,6.99177204,7.64,0.052341597796143224,0.0927129712312531
sh.600727,鲁北化工,C26化学原料和化学制品制造业,C26化学原料和化学制品制造业,PB,PB低估,7.54,75.0,68.7,36.6,52.2,61.1,61.7,47.6,54.7,"PB=1.25, 低估均值=1.48, 比值=0.84, 分位=21%",-0.06683168316831678,0.03287671232876721,,,,,,,,1.248224,1.479357727272727,0.8437607598137645,0.20979591836734693,低估价值,价值线内/历史低位,61.7,低估价值,,7.54,8.25,7.49221902,8.25,0.09416445623342184,0.10114239559430271
sh.600383,金地集团,K70房地产业,资源金属,PB,PB低估,4.28,98.0,98.0,0.0,2.7,72.8,61.4,16.8,39.1,"PB=0.33, 低估均值=0.98, 比值=0.34, 分位=8%",-0.05518763796909487,-0.06550218340611347,,,,,,,,0.331133,0.981297,0.3374442192323018,0.08204081632653061,低估价值,价值线内/历史低位,61.4,低估价值,,4.28,2.78,4.28,2.78,-0.35046728971962626,-0.35046728971962626
sh.600346,恒力石化,C26化学原料和化学制品制造业,C26化学原料和化学制品制造业,PB,PB低估,15.63,85.3,85.3,14.8,55.5,51.5,61.3,38.1,49.7,"PB=1.68, 低估均值=2.27, 比值=0.74, 分位=9%",0.008387096774193692,0.04269513008672443,,,,,,,,1.684718,2.2669473,0.7431659306769063,0.08530612244897959,低估价值,价值线内/历史低位,61.3,低估价值,,15.63,20.51,15.07885494,20.51,0.3122200895713372,0.36018285749222834
sh.600663,陆家嘴,K70房地产业,K70房地产业,PB,PB低估,8.81,87.6,87.6,34.0,7.5,38.1,61.3,28.0,44.6,"PB=1.76, 低估均值=2.37, 比值=0.74, 分位=3%",-0.007882882882882969,-0.005643340857787726,,,,,,,,1.76066,2.3711703333333336,0.742527845953988,0.026530612244897958,低估价值,价值线内/历史低位,61.3,低估价值,,8.81,7.63,8.66094361,7.63,-0.13393870601589108,-0.11903363610515416
sh.600510,黑牡丹,K70房地产业,K70房地产业,PB,PB低估,5.26,92.5,92.5,0.8,59.9,40.0,61.1,31.9,46.5,"PB=0.52, 低估均值=0.80, 比值=0.65, 分位=10%",0.02935420743639905,0.11440677966101687,,,,,,,,0.523066,0.8048214,0.6499156210309517,0.09959183673469388,低估价值,价值线内/历史低位,61.1,低估价值,,5.26,9.23,5.21817248,9.23,0.7547528517110267,0.7688184963943547
sh.600926,杭州银行,J66货币金融服务,金融,PE,PE低估,14.65,75.0,74.9,29.3,53.2,72.4,61.1,46.4,53.8,"PE=5.21, 低估均值=6.40, 比值=0.81, 分位=15%",-0.002722940776038074,0.004801097393690057,,,,,,,,5.209321,6.403845888888889,0.813467577200527,0.15369743837602706,低估价值,价值线内/历史低位,61.1,低估价值,,14.65,16.24,14.06337005,16.24,0.10853242320819101,0.1547729983824182
sh.600111,北方稀土,C32有色金属冶炼和压延加工业,资源金属,PB,PB低估,24.57,75.0,55.6,6.7,88.0,91.6,60.9,51.3,56.1,"PB=3.88, 低估均值=3.96, 比值=0.98, 分位=23%",0.08142605633802824,0.13592233009708754,,,,,,,,3.883746,3.961194272727273,0.9804482518667407,0.22979591836734695,低估价值,价值线内/历史低位,60.9,低估价值,,24.57,51.7,24.5395332,51.7,1.1041921041921041,1.106804541823966
sh.600436,片仔癀,C27医药制造业,医药医疗,PE,PE低估,205.33,77.7,77.7,32.6,33.9,66.2,60.9,40.3,50.6,"PE=41.26, 低估均值=48.14, 比值=0.86, 分位=4%",0.010730986955451716,0.008051450733958632,,,,,,,,41.261695,48.142512181818184,0.8570739899107959,0.036326530612244896,低估价值,价值线内/历史低位,60.9,低估价值,,205.33,130.4,202.06073574,130.4,-0.3649247552720012,-0.35464948436201316
sh.600976,健民集团,F51批发业,F51批发业,PE,PE低估,42.15,86.4,86.4,16.7,49.9,42.3,60.9,35.6,48.3,"PE=17.34, 低估均值=24.32, 比值=0.71, 分位=11%",-0.08069792802617237,-0.001657981999052538,,,,,,,,17.342256,24.319199,0.71310967108744,0.11020408163265306,低估价值,价值线内/历史低位,60.9,低估价值,,42.15,30.35,41.00634405,30.35,-0.27995255041518385,-0.25987061994618366
sh.600095,湘财股份,J67资本市场服务,金融,PB,PB低估,8.07,75.0,63.1,18.9,63.2,84.1,60.7,47.0,53.9,"PB=1.94, 低估均值=2.23, 比值=0.87, 分位=26%",-0.020631067961165095,0.2190332326283988,,,,,,,,1.944954,2.229951727272727,0.8721955619993242,0.2587755102040816,低估价值,价值线内/历史低位,60.7,低估价值,,8.07,8.88,8.07,8.88,0.1003717472118959,0.1003717472118959
sh.600170,上海建工,E48土木工程建筑业,E48土木工程建筑业,PB,PB低估,2.43,86.9,86.9,13.3,28.8,66.2,60.6,30.3,45.5,"PB=0.70, 低估均值=0.94, 比值=0.74, 分位=6%",-0.07604562737642573,-0.027999999999999914,,,,,,,,0.697485,0.9404491,0.7416509835566858,0.06326530612244897,低估价值,价值线内/历史低位,60.6,低估价值,,2.43,2.63,2.37237255,2.63,0.08230452674897104,0.10859485370457511
sh.600062,华润双鹤,C27医药制造业,医药医疗,PE,PE低估,18.87,77.4,77.4,36.7,30.8,54.4,60.3,39.3,49.8,"PE=12.09, 低估均值=14.27, 比值=0.85, 分位=7%",-0.02782071097372485,-0.02329192546583847,,,,,,,,12.091089,14.266260909090908,0.8475303428871948,0.06775510204081632,低估价值,价值线内/历史低位,60.3,低估价值,,18.87,17.27,18.40443936,17.27,-0.08479067302596721,-0.06163944132227028
sh.600853,龙建股份,E48土木工程建筑业,E48土木工程建筑业,PB,PB低估,3.8,82.0,82.0,28.1,35.1,46.1,60.2,35.9,48.1,"PB=1.20, 低估均值=1.49, 比值=0.81, 分位=4%",0.013333333333333197,0.02981029810298108,,,,,,,,1.200331,1.4851788888888888,0.8082063440169198,0.044081632653061226,低估价值,价值线内/历史低位,60.2,低估价值,,3.8,3.85,3.7573032,3.85,0.013157894736842257,0.024671099207538072
sh.600995,南网储能,D44电力、热力生产和供应业,D44电力、热力生产和供应业,PB,PB低估,9.81,80.2,80.2,33.4,34.3,43.1,60.2,37.5,48.8,"PB=1.44, 低估均值=1.78, 比值=0.81, 分位=8%",0.024008350730688965,0.0051229508196721785,,,,,,,,1.442648,1.780298454545455,0.8103405338114144,0.07510204081632653,低估价值,价值线内/历史低位,60.2,低估价值,,9.81,14.78,9.70164855,14.78,0.5066258919469928,0.5234524239697387
sh.600486,扬农化工,C26化学原料和化学制品制造业,C26化学原料和化学制品制造业,PB,PB低估,51.75,86.1,86.1,20.1,29.9,47.5,60.1,30.9,45.5,"PB=1.92, 低估均值=2.52, 比值=0.76, 分位=1%",-0.022847432024169168,-0.045202952029520294,,,,,,,,1.916488,2.5214139,0.7600846493310757,0.006122448979591836,低估价值,价值线内/历史低位,60.1,低估价值,,51.75,63.23,51.030261,63.23,0.22183574879227042,0.2390687165013714
sh.600796,钱江生化,D46水的生产和供应业,D46水的生产和供应业,PB,PB低估,5.58,97.3,97.3,2.2,32.0,22.5,59.5,20.4,40.0,"PB=1.46, 低估均值=2.47, 比值=0.59, 分位=9%",-0.021052631578947434,-0.005347593582887722,,,,,,,,1.462154,2.4675849999999997,0.5925445324071917,0.09183673469387756,低估价值,价值线内/历史低位,59.5,低估价值,,5.58,5.78,5.55181542,5.78,0.03584229390681015,0.041100894525056164
sh.600993,马应龙,C27医药制造业,医药医疗,PE,PE低估,26.0,75.0,61.7,37.0,36.4,54.0,59.5,41.3,50.4,"PE=20.99, 低估均值=22.53, 比值=0.93, 分位=20%",0.028888009497427758,0.045016077170418,,,,,,,,20.987639,22.52669390909091,0.9316786158101166,0.19959183673469388,低估价值,价值线内/历史低位,59.5,低估价值,,26.0,24.85,25.44048,24.85,-0.044230769230769185,-0.023210253894580535
sh.600681,百川能源,D45燃气生产和供应业,D45燃气生产和供应业,PB,PB低估,3.55,86.7,86.7,20.7,38.5,27.0,59.4,31.2,45.3,"PB=1.26, 低估均值=1.67, 比值=0.75, 分位=4%",0.0471976401179941,0.07250755287009047,,,,,,,,1.259973,1.671870375,0.7536307950907977,0.04285714285714286,低估价值,价值线内/历史低位,59.4,低估价值,,3.55,4.03,3.32993905,4.03,0.13521126760563384,0.21023236146018953
sh.600958,东方证券,J67资本市场服务,金融,PB,PB低估,9.29,75.0,69.3,36.5,30.4,59.5,59.4,39.7,49.5,"PB=1.02, 低估均值=1.11, 比值=0.91, 分位=11%",-0.009594882729211274,-0.04620123203285431,,,,,,,,1.016499,1.1134007777777777,0.9129677473630091,0.10612244897959183,低估价值,价值线内/历史低位,59.4,低估价值,,9.29,9.5,9.09908121,9.5,0.02260495156081821,0.0440614585964334
sh.600905,三峡能源,D44电力、热力生产和供应业,D44电力、热力生产和供应业,PB,PB低估,4.3,83.1,83.1,2.6,59.6,69.8,59.3,36.7,48.0,"PB=1.38, 低估均值=1.73, 比值=0.80, 分位=1%",0.009389671361502261,0.023809523809523725,,,,,,,,1.378816,1.7337068000000002,0.7952994127957507,0.006355932203389831,低估价值,价值线内/历史低位,59.3,低估价值,,4.3,4.14,4.2300003,4.14,-0.037209302325581395,-0.02127666515768345
sh.600420,国药现代,C27医药制造业,医药医疗,PE,PE低估,10.31,76.0,76.0,40.3,26.5,46.3,59.2,38.2,48.7,"PE=12.41, 低估均值=14.17, 比值=0.88, 分位=1%",-0.04003724394785846,-0.11804961505560296,,,,,,,,12.414926,14.165169777777777,0.8764403247376852,0.006530612244897959,低估价值,价值线内/历史低位,59.2,低估价值,,10.31,9.13,10.03384665,9.13,-0.11445198836081472,-0.09007977513788279
sh.600483,福能股份,D44电力、热力生产和供应业,D44电力、热力生产和供应业,PB,PB低估,9.7,75.0,66.6,25.8,62.9,52.2,59.2,45.2,52.2,"PB=1.04, 低估均值=1.08, 比值=0.96, 分位=9%",0.04525862068965525,0.06243154435925513,,,,,,,,1.035207,1.079015,0.9594000083409405,0.08612244897959184,低估价值,价值线内/历史低位,59.2,低估价值,,9.7,10.85,9.3271029,10.85,0.11855670103092786,0.16327654110045242
sh.600338,西藏珠峰,B09有色金属矿采选业,资源金属,PB,PB低估,9.65,91.5,91.5,5.8,27.6,46.0,59.1,23.7,41.4,"PB=2.31, 低估均值=3.31, 比值=0.70, 分位=1%",-0.04170804369414105,-0.07831900668576885,,,,,,,,2.31052,3.307663875,0.6985353068863444,0.011919441019317715,低估价值,价值线内/历史低位,59.1,低估价值,,9.65,21.23,9.6127124,21.23,1.2000000000000002,1.2085337745046862
sh.600612,老凤祥,C24文教、工美、体育和娱乐用品制造业,C24文教、工美、体育和娱乐用品制造业,VALUE,基本价值线,48.62,75.0,44.1,57.5,3.6,39.9,59.1,36.9,48.0,"价值线=51.66, 现价/价值=0.94, 扣非EPS=3.45, akshare东方财富扣非净利润同比=-22.9%, 市值=254.3亿",-0.05756929637526664,-0.04441823899371078,254.34092337722234,51.65784812220603,0.9411929022862228,3.4475,3.4475,1.0,年报扣非EPS,,,,,低估价值,价值线内/历史低位,59.1,低估价值,,48.62,36.9,46.65764818,36.9,-0.24105306458247633,-0.2091328766155569
sh.600876,凯盛新能,C30非金属矿物制品业,资源金属,PB,PB低估,9.51,97.1,97.1,0.0,35.9,20.9,59.1,20.6,39.8,"PB=1.58, 低估均值=4.22, 比值=0.37, 分位=10%",-0.0020986358866735833,0.059020044543429684,,,,,,,,1.577654,4.221555,0.3737139513757371,0.09534081104400345,低估价值,价值线内/历史低位,59.1,低估价值,,9.51,9.25,9.51,9.25,-0.02733964248159826,-0.02733964248159826
sh.600600,青岛啤酒,C15酒、饮料和精制茶制造业,消费,PE,PE低估,74.87,75.0,68.6,29.1,36.8,67.8,59.0,39.9,49.4,"PE=22.91, 低估均值=24.89, 比值=0.92, 分位=11%",-0.04636352057062798,0.10918518518518527,,,,,,,,22.910554,24.894387272727275,0.9203100180376548,0.10693877551020409,低估价值,价值线内/历史低位,59.0,低估价值,,74.87,61.7,72.56857107,61.7,-0.17590490182983842,-0.14976967177038836
sh.600315,上海家化,C26化学原料和化学制品制造业,C26化学原料和化学制品制造业,PB,PB低估,24.1,79.0,79.0,0.0,100.0,54.2,58.9,47.1,53.0,"PB=2.36, 低估均值=3.11, 比值=0.76, 分位=16%",0.18777723016264192,0.5448717948717949,,,,,,,,2.364806,3.108800444444445,0.7606811830672523,0.16081632653061226,低估价值,价值线内/历史低位,58.9,低估价值,,24.1,18.51,24.0639464,18.51,-0.23195020746887962,-0.23079948349618984
sh.600021,上海电力,D44电力、热力生产和供应业,D44电力、热力生产和供应业,PB,PB低估,9.04,75.0,62.7,30.8,34.5,64.4,58.8,39.3,49.1,"PB=1.26, 低估均值=1.35, 比值=0.93, 分位=18%",-0.014176663031624903,0.03908045977011487,,,,,,,,1.25846,1.3515586,0.9311176000803812,0.18489795918367347,低估价值,价值线内/历史低位,58.8,低估价值,,9.04,16.77,8.76245392,16.77,0.8550884955752214,0.913847439667905
sh.600517,国网英大,J69其他金融业,金融,PB,PB低估,4.94,79.3,79.3,32.7,30.0,40.3,58.8,35.2,47.0,"PB=1.28, 低估均值=1.52, 比值=0.84, 分位=4%",-0.029469548133595147,-0.03891050583657574,,,,,,,,1.279223,1.5245125555555559,0.8391029613618574,0.03918367346938775,低估价值,价值线内/历史低位,58.8,低估价值,,4.94,5.7,4.8584406,5.7,0.15384615384615374,0.17321594916689942
sh.600004,白云机场,G56航空运输业,G56航空运输业,PB,PB低估,9.09,75.9,75.9,36.1,32.3,47.4,58.7,38.4,48.6,"PB=1.15, 低估均值=1.31, 比值=0.88, 分位=1%",0.0011013215859030367,-0.017297297297297343,,,,,,,,1.154189,1.3139355454545454,0.878421322866882,0.012244897959183673,低估价值,价值线内/历史低位,58.7,低估价值,,9.09,8.3,8.93293389,8.3,-0.08690869086908681,-0.07085397673305727
sh.600399,抚顺特钢,C31黑色金属冶炼和压延加工业,资源金属,PB,PB低估,5.08,96.7,96.7,0.0,2.3,52.8,58.7,13.6,36.1,"PB=1.61, 低估均值=3.75, 比值=0.43, 分位=10%",-0.11958405545927198,-0.054003724394785846,,,,,,,,1.607958,3.7473638571428567,0.4290904383184111,0.1011037527593819,低估价值,价值线内/历史低位,58.7,低估价值,,5.08,5.28,5.0598832,5.28,0.03937007874015741,0.04350234803838959
sh.600710,苏美达,F51批发业,F51批发业,PE,PE低估,9.5,75.0,51.1,28.5,53.4,49.8,58.7,42.7,50.7,"PE=10.57, 低估均值=10.87, 比值=0.97, 分位=31%",-0.06126482213438733,0.05438401775804658,,,,,,,,10.574334,10.871124444444444,0.9726991953811995,0.3104508196721312,低估价值,价值线内/历史低位,58.7,低估价值,,9.5,11.59,9.1380025,11.59,0.21999999999999997,0.26832970334599926
sh.600116,三峡水利,D44电力、热力生产和供应业,D44电力、热力生产和供应业,PB,PB低估,7.21,84.4,84.4,1.6,63.3,53.3,58.5,35.1,46.8,"PB=1.25, 低估均值=1.67, 比值=0.75, 分位=9%",0.05409356725146197,0.061855670103092786,,,,,,,,1.249523,1.6680403000000001,0.749096409721036,0.0926530612244898,低估价值,价值线内/历史低位,58.5,低估价值,,7.21,6.77,7.1138186,6.77,-0.061026352288488295,-0.04833108901596117
sh.600909,华安证券,J67资本市场服务,金融,PB,PB低估,5.6,75.0,63.3,35.1,32.8,52.4,58.5,38.9,48.7,"PB=1.16, 低估均值=1.30, 比值=0.89, 分位=23%",-0.0017825311942960553,-0.003558718861210064,,,,,,,,1.163016,1.3012759999999999,0.8937504418739761,0.22684958353748164,低估价值,价值线内/历史低位,58.5,低估价值,,5.6,6.28,5.472572,6.28,0.12142857142857144,0.14754086378397568
sh.600298,安琪酵母,C14食品制造业,消费,PE,PE低估,36.18,75.0,65.4,29.2,37.6,59.2,58.2,38.9,48.6,"PE=22.85, 低估均值=24.49, 比值=0.93, 分位=14%",0.038163558106169226,0.06099706744868039,,,,,,,,22.845347,24.48742218181818,0.9329420969824495,0.1404081632653061,低估价值,价值线内/历史低位,58.2,低估价值,,36.18,35.9,35.63379054,35.9,-0.007739082365948113,0.007470702834748044
sh.600549,厦门钨业,C32有色金属冶炼和压延加工业,资源金属,PB,PB低估,19.07,80.6,80.6,18.4,30.8,60.4,58.0,32.1,45.1,"PB=1.86, 低估均值=2.25, 比值=0.82, 分位=0%",-0.02455242966751925,-0.02753697093319729,,,,,,,,1.856312,2.2522756363636365,0.8241939707686351,0.0016326530612244899,低估价值,价值线内/历史低位,58.0,低估价值,,19.07,53.46,18.57599165,53.46,1.8033560566334557,1.8779082703775871
sh.600597,光明乳业,C14食品制造业,消费,PE,PE低估,8.36,87.0,87.0,7.1,34.9,48.6,58.0,27.1,42.5,"PE=16.68, 低估均值=23.39, 比值=0.71, 分位=10%",0.0,0.03722084367245637,,,,,,,,16.683244,23.391060500000002,0.7132316211143995,0.10040816326530612,低估价值,价值线内/历史低位,58.0,低估价值,,8.36,7.15,8.20920232,7.15,-0.14473684210526305,-0.12902621700764694
sh.600985,淮北矿业,B06煤炭开采和洗选业,资源金属,PB,PB低估,12.18,89.1,89.1,15.0,0.0,51.8,58.0,19.0,38.5,"PB=0.76, 低估均值=1.05, 比值=0.73, 分位=0%",-0.08006042296072513,-0.11224489795918369,,,,,,,,0.761965,1.0507071111111113,0.7251925793042653,0.0016326530612244899,低估价值,价值线内/历史低位,58.0,低估价值,,12.18,13.49,11.46240312,13.49,0.10755336617405598,0.17689108110865326
sh.600141,兴发集团,C26化学原料和化学制品制造业,C26化学原料和化学制品制造业,PB,PB低估,20.48,75.0,73.2,32.8,28.3,56.1,57.9,36.9,47.4,"PB=1.04, 低估均值=1.14, 比值=0.90, 分位=6%",-0.06611947104423166,-0.043884220354808656,,,,,,,,1.035331,1.144618272727273,0.9045207687739643,0.0563265306122449,低估价值,价值线内/历史低位,57.9,低估价值,,20.48,32.2,19.52075776,32.2,0.572265625,0.6495261298708932
sh.600820,隧道股份,E48土木工程建筑业,E48土木工程建筑业,PB,PB低估,5.91,89.4,89.4,14.5,2.7,47.6,57.8,19.1,38.5,"PB=0.60, 低估均值=0.83, 比值=0.72, 分位=1%",-0.060413354531001606,-0.060413354531001606,,,,,,,,0.602339,0.8333480999999999,0.7227939920904601,0.005714285714285714,低估价值,价值线内/历史低位,57.8,低估价值,,5.91,5.72,5.65160889,5.72,-0.0321489001692048,0.012101175316821866
sh.600917,重庆燃气,D45燃气生产和供应业,D45燃气生产和供应业,PB,PB低估,5.52,100.0,100.0,3.0,4.1,16.4,57.8,10.3,34.0,"PB=1.53, 低估均值=2.60, 比值=0.59, 分位=0%",-0.048275862068965614,-0.04166666666666674,,,,,,,,1.526539,2.6043094545454544,0.5861588365912668,0.003673469387755102,低估价值,价值线内/历史低位,57.8,低估价值,,5.52,5.51,5.44322784,5.51,-0.0018115942028985588,0.012267015447951612
sh.600846,同济科技,E48土木工程建筑业,E48土木工程建筑业,PB,PB低估,9.52,76.4,76.4,24.5,64.0,29.4,57.4,41.6,49.5,"PB=1.43, 低估均值=1.75, 比值=0.82, 分位=13%",0.048458149779735615,0.18114143920595516,,,,,,,,1.428348,1.7491439999999998,0.8165982903637437,0.12653061224489795,低估价值,价值线内/历史低位,57.4,低估价值,,9.52,12.45,9.33204664,12.45,0.3077731092436975,0.3341124921767429
sh.600426,华鲁恒升,C26化学原料和化学制品制造业,C26化学原料和化学制品制造业,PB,PB低估,20.4,84.8,84.8,16.2,4.2,62.2,57.3,22.3,39.8,"PB=1.36, 低估均值=1.76, 比值=0.78, 分位=0%",-0.09774436090225569,-0.01686746987951815,,,,,,,,1.364799,1.7606811818181818,0.7751539654616114,0.002857142857142857,低估价值,价值线内/历史低位,57.3,低估价值,,20.4,33.2,19.9241292,33.2,0.6274509803921571,0.6663212563387715
sh.600785,新华百货,F52零售业,F52零售业,PE,PE低估,12.44,75.0,69.3,14.7,66.0,58.1,57.3,42.2,49.7,"PE=21.09, 低估均值=22.37, 比值=0.94, 分位=7%",0.0931458699472758,0.1870229007633586,,,,,,,,21.094084,22.372345,0.942864237074835,0.0653061224489796,低估价值,价值线内/历史低位,57.3,低估价值,,12.44,17.63,12.07885436,17.63,0.41720257234726676,0.4595755089475224
sh.600908,无锡银行,J66货币金融服务,金融,PE,PE低估,5.54,80.5,80.5,22.2,29.8,45.0,57.3,31.2,44.3,"PE=5.35, 低估均值=7.04, 比值=0.76, 分位=14%",-0.03986135181975725,-0.03484320557491294,,,,,,,,5.35416,7.035849111111111,0.7609827776926933,0.13697318007662834,低估价值,价值线内/历史低位,57.3,低估价值,,5.54,5.54,5.25605838,5.54,0.0,0.05402177819798126
sh.600328,中盐化工,C26化学原料和化学制品制造业,C26化学原料和化学制品制造业,PB,PB低估,7.08,94.3,94.3,4.3,4.2,37.5,57.1,13.7,35.4,"PB=0.86, 低估均值=1.29, 比值=0.67, 分位=2%",-0.04582210242587603,-0.04194857916102834,,,,,,,,0.859071,1.2908048,0.6655313026415768,0.0163265306122449,低估价值,价值线内/历史低位,57.1,低估价值,,7.08,7.72,6.96117636,7.72,0.09039548022598876,0.10900796083264308
sh.600234,科新发展,E50建筑装饰、装修和其他建筑业,E50建筑装饰、装修和其他建筑业,PB,PB低估,7.09,84.0,84.0,2.2,98.8,3.3,57.0,40.3,48.6,"PB=3.96, 低估均值=20.07, 比值=0.20, 分位=30%",0.15097402597402598,0.2985347985347986,,,,,,,,3.955129,20.072590750000003,0.19704128128054418,0.30122448979591837,低估价值,价值线内/历史低位,57.0,低估价值,,7.09,26.21,7.09,26.21,2.6967559943582513,2.6967559943582513
sh.600299,安迪苏,C14食品制造业,消费,PE,PE低估,9.75,75.0,68.0,37.4,25.1,39.2,57.0,35.3,46.1,"PE=18.78, 低估均值=20.30, 比值=0.93, 分位=11%",-0.07757805108798488,-0.14847161572052392,,,,,,,,18.781953,20.2984602,0.9252895448690241,0.10938775510204081,低估价值,价值线内/历史低位,57.0,低估价值,,9.75,12.0,9.588111,12.0,0.23076923076923084,0.25154996641152794
sh.600637,东方明珠,I63电信、广播电视和卫星传输服务,I63电信、广播电视和卫星传输服务,PB,PB低估,7.46,75.0,69.3,32.4,31.4,45.4,57.0,36.1,46.6,"PB=0.83, 低估均值=0.95, 比值=0.88, 分位=16%",-0.03741935483870973,-0.004005340453938633,,,,,,,,0.828253,0.9452324444444444,0.8762426690577697,0.15591836734693879,低估价值,价值线内/历史低位,57.0,低估价值,,7.46,10.05,7.23819182,10.05,0.3471849865951744,0.3884683150052246
sh.600502,安徽建工,E48土木工程建筑业,E48土木工程建筑业,PB,PB低估,4.63,84.1,84.1,11.6,33.0,44.5,56.9,27.6,42.3,"PB=0.71, 低估均值=0.90, 比值=0.78, 分位=2%",-0.03742203742203731,0.026607538802660757,,,,,,,,0.708467,0.9048301111111113,0.7829834477214934,0.022040816326530613,低估价值,价值线内/历史低位,56.9,低估价值,,4.63,5.13,4.35901536,5.13,0.10799136069114468,0.17687128315143164
sh.600546,山煤国际,B06煤炭开采和洗选业,B06煤炭开采和洗选业,PB,PB低估,9.51,88.1,88.1,14.7,0.0,47.9,56.9,18.2,37.6,"PB=1.12, 低估均值=1.52, 比值=0.74, 分位=0%",-0.13071297989031072,-0.1322992700729928,,,,,,,,1.119959,1.5198906363636366,0.7368681490659882,0.0012244897959183673,低估价值,价值线内/历史低位,56.9,低估价值,,9.51,13.82,8.84041992,13.82,0.4532071503680337,0.5632741572303048
sh.600606,绿地控股,E48土木工程建筑业,E48土木工程建筑业,PB,PB低估,1.76,94.3,94.3,0.0,5.6,44.7,56.9,13.4,35.1,"PB=0.39, 低估均值=0.99, 比值=0.39, 分位=14%",-0.022222222222222254,-0.03296703296703296,,,,,,,,0.388863,0.987271,0.3938766559536338,0.13918367346938776,低估价值,价值线内/历史低位,56.9,低估价值,,1.76,1.47,1.76,1.47,-0.1647727272727273,-0.1647727272727273
sh.600722,金牛化工,C26化学原料和化学制品制造业,资源金属,PB,PB低估,5.18,75.0,60.7,30.5,47.8,30.7,56.7,38.8,47.7,"PB=2.91, 低估均值=3.09, 比值=0.94, 分位=20%",-0.007662835249042099,-0.10069444444444442,,,,,,,,2.906628,3.0895675454545453,0.9407879767109507,0.20285714285714285,低估价值,价值线内/历史低位,56.7,低估价值,,5.18,12.84,5.18,12.84,1.4787644787644787,1.4787644787644787
sh.600906,财达证券,J67资本市场服务,金融,PB,PB低估,6.53,75.0,66.5,32.5,30.8,42.2,56.7,35.4,46.1,"PB=1.76, 低估均值=1.83, 比值=0.96, 分位=8%",-0.03115727002967361,-0.022455089820359153,,,,,,,,1.756641,1.8288011999999998,0.960542348725493,0.08471074380165289,低估价值,价值线内/历史低位,56.7,低估价值,,6.53,6.33,6.41721384,6.33,-0.030627871362940318,-0.013590608350367739
sh.600163,中闽能源,D44电力、热力生产和供应业,D44电力、热力生产和供应业,PB,PB低估,5.61,75.0,66.5,19.3,62.6,42.8,56.6,40.8,48.7,"PB=1.52, 低估均值=1.61, 比值=0.94, 分位=11%",0.07265774378585088,0.035055350553505615,,,,,,,,1.51974,1.6119452222222224,0.9427987868625533,0.11020408163265306,低估价值,价值线内/历史低位,56.6,低估价值,,5.61,6.8,5.52780228,6.8,0.21212121212121193,0.23014530107252673
sh.600643,爱建集团,J69其他金融业,金融,PB,PB低估,4.69,90.2,90.2,0.0,29.0,40.5,56.6,20.7,38.6,"PB=0.63, 低估均值=0.92, 比值=0.68, 分位=9%",-0.05252525252525253,-0.04089979550102241,,,,,,,,0.62964,0.9196082857142859,0.6846828261349784,0.08897959183673469,低估价值,价值线内/历史低位,56.6,低估价值,,4.69,4.73,4.69,4.73,0.008528784648187626,0.008528784648187626
sh.600618,氯碱化工,C26化学原料和化学制品制造业,C26化学原料和化学制品制造业,PB,PB低估,9.24,82.6,82.6,18.9,25.5,34.7,56.2,26.8,41.5,"PB=1.20, 低估均值=1.49, 比值=0.80, 分位=3%",-0.06760847628657918,-0.1742627345844503,,,,,,,,1.197016,1.49459575,0.8008961620558603,0.027346938775510202,低估价值,价值线内/历史低位,56.2,低估价值,,9.24,11.95,9.06132612,11.95,0.29329004329004316,0.318791514811962
sh.600783,鲁信创投,J67资本市场服务,金融,PB,PB低估,11.84,75.0,70.6,35.1,30.5,31.8,56.2,35.0,45.6,"PB=1.98, 低估均值=2.27, 比值=0.88, 分位=14%",-0.03739837398373991,-0.02310231023102305,,,,,,,,1.9827,2.2655312999999997,0.8751589527807452,0.13755102040816328,低估价值,价值线内/历史低位,56.2,低估价值,,11.84,22.06,11.77524704,22.06,0.8631756756756757,0.873421417407477
sh.600125,铁龙物流,G53铁路运输业,G53铁路运输业,PB,PB低估,5.71,85.6,85.6,3.6,33.0,48.3,56.1,24.7,40.4,"PB=1.00, 低估均值=1.30, 比值=0.77, 分位=4%",-0.005226480836237002,0.0017543859649122862,,,,,,,,0.997193,1.3016578181818181,0.7660945803659054,0.044897959183673466,低估价值,价值线内/历史低位,56.1,低估价值,,5.71,5.9,5.57914393,5.9,0.03327495621716303,0.05750991084397428
sh.600162,香江控股,K70房地产业,K70房地产业,PB,PB低估,1.66,81.9,81.9,30.0,2.4,30.8,55.9,23.1,39.5,"PB=0.92, 低估均值=1.26, 比值=0.73, 分位=16%",-0.04597701149425293,-0.07777777777777783,,,,,,,,0.924718,1.2649415454545456,0.7310361520837793,0.15591836734693879,低估价值,价值线内/历史低位,55.9,低估价值,,1.66,1.82,1.65023588,1.82,0.09638554216867479,0.1028726390314576
sh.600638,新黄浦,K70房地产业,K70房地产业,PB,PB低估,5.29,75.0,63.4,32.9,38.2,26.6,55.9,35.9,45.9,"PB=0.78, 低估均值=0.81, 比值=0.97, 分位=13%",0.045454545454545636,0.06653225806451624,,,,,,,,0.778728,0.806392,0.9656941041081757,0.12693877551020408,低估价值,价值线内/历史低位,55.9,低估价值,,5.29,6.12,5.25376879,6.12,0.15689981096408312,0.16487806080251977
sh.600098,广州发展,D44电力、热力生产和供应业,D44电力、热力生产和供应业,PB,PB低估,6.5,75.0,68.4,15.9,60.8,44.7,55.8,38.9,47.3,"PB=0.85, 低估均值=0.95, 比值=0.89, 分位=15%",0.004636785162287493,0.05177993527508096,,,,,,,,0.852328,0.9534085454545456,0.8939798201553201,0.14653061224489797,低估价值,价值线内/历史低位,55.8,低估价值,,6.5,7.46,6.1418825,7.46,0.1476923076923078,0.21461131827253288
sh.600351,亚宝药业,C27医药制造业,医药医疗,PE,PE低估,6.14,75.3,75.3,29.8,33.1,36.1,55.8,34.2,45.0,"PE=18.08, 低估均值=22.03, 比值=0.82, 分位=14%",-0.019169329073482455,0.014876033057851235,,,,,,,,18.082121,22.0306593,0.8207707610457214,0.137738483015356,低估价值,价值线内/历史低位,55.8,低估价值,,6.14,6.46,5.67867724,6.46,0.05211726384364823,0.13758886567745843
sh.600740,山西焦化,C25石油、煤炭及其他燃料加工业,C25石油、煤炭及其他燃料加工业,PB,PB低估,3.53,95.9,95.9,0.0,1.8,28.6,55.8,9.7,32.7,"PB=0.59, 低估均值=0.91, 比值=0.65, 分位=1%",-0.07105263157894737,-0.07105263157894737,,,,,,,,0.592226,0.9141448888888889,0.6478469739297344,0.010612244897959184,低估价值,价值线内/历史低位,55.8,低估价值,,3.53,3.91,3.5107615,3.91,0.10764872521246471,0.11371849098835107
sh.600149,廊坊发展,D44电力、热力生产和供应业,D44电力、热力生产和供应业,PB,PB低估,4.69,86.6,86.6,2.9,40.5,33.6,55.7,24.8,40.3,"PB=7.45, 低估均值=9.88, 比值=0.75, 分位=2%",0.10093896713615047,0.07077625570776269,,,,,,,,7.454317,9.876588599999998,0.7547461276254841,0.017959183673469388,低估价值,价值线内/历史低位,55.7,低估价值,,4.69,6.48,4.69,6.48,0.38166311300639655,0.38166311300639655
sh.600050,中国联通,I63电信、广播电视和卫星传输服务,I63电信、广播电视和卫星传输服务,PB,PB低估,5.48,75.0,46.6,0.0,57.3,86.6,55.6,36.8,46.2,"PB=1.02, 低估均值=1.04, 比值=0.99, 分位=36%",-0.017921146953404965,0.09819639278557113,,,,,,,,1.023177,1.035126,0.9884564777621275,0.36,低估价值,价值线内/历史低位,55.6,低估价值,,5.48,4.92,5.31114476,4.92,-0.10218978102189791,-0.07364603633963096
sh.600339,中油工程,B11开采专业及辅助性活动,B11开采专业及辅助性活动,VALUE,基本价值线,3.1,93.8,93.8,15.0,0.3,41.6,55.6,17.8,36.7,"价值线=5.23, 现价/价值=0.59, 扣非EPS=0.06, akshare东方财富扣非净利润同比=-25.2%, 市值=173.0亿",-0.0801186943620178,-0.0935672514619883,172.99171216744577,5.2262716668345535,0.5931570721193694,0.0599,0.0599,1.0,年报扣非EPS,,,,,低估价值,深度低估,55.6,低估价值,,3.1,4.21,3.0642632,4.21,0.3580645161290321,0.37390286839590026
sh.600621,华鑫股份,J67资本市场服务,金融,PB,PB低估,13.57,75.0,61.5,25.6,29.2,49.2,55.5,32.9,44.2,"PB=1.68, 低估均值=1.78, 比值=0.95, 分位=18%",-0.0450387051372273,-0.04369274136715995,,,,,,,,1.682666,1.7750653636363638,0.9479459373557511,0.18040816326530612,低估价值,价值线内/历史低位,55.5,低估价值,,13.57,13.9,13.46794003,13.9,0.02431834929992638,0.032080627700864506
sh.600373,中文传媒,R86新闻和出版业,R86新闻和出版业,VALUE,基本价值线,10.73,85.0,65.1,25.0,2.2,52.1,55.4,24.1,39.8,"价值线=13.51, 现价/价值=0.79, 扣非EPS=0.50, akshare东方财富扣非净利润同比=-88.3%, 市值=147.3亿",-0.028959276018099556,-0.09604043807919116,147.297937521984,13.5053732151169,0.7944985917153066,0.5,0.5,1.0,年报扣非EPS,,,,,低估价值,深度低估,55.4,低估价值,,10.73,8.04,10.33624119,8.04,-0.25069897483690595,-0.22215437389575865
sh.600784,鲁银投资,C14食品制造业,消费,PE,PE低估,5.93,75.0,62.0,22.9,52.2,30.9,55.3,37.0,46.1,"PE=13.33, 低估均值=14.07, 比值=0.95, 分位=17%",-0.04508856682769735,0.01715265866209248,,,,,,,,13.334461,14.0696618,0.9477456664949827,0.1741472172351885,低估价值,价值线内/历史低位,55.3,低估价值,,5.93,7.93,5.86544602,7.93,0.3372681281618888,0.35198584608234085
sh.600461,洪城环境,D46水的生产和供应业,D46水的生产和供应业,PB,PB低估,9.47,75.0,64.4,22.8,32.5,49.9,55.2,32.9,44.0,"PB=1.26, 低估均值=1.33, 比值=0.95, 分位=13%",0.002116402116402183,-0.013541666666666563,,,,,,,,1.260725,1.3285629090909092,0.9489388807810928,0.1346938775510204,低估价值,价值线内/历史低位,55.2,低估价值,,9.47,10.3,9.02275084,10.3,0.0876451953537487,0.1415587311064439
sh.600970,中材国际,E48土木工程建筑业,E48土木工程建筑业,PB,PB低估,9.32,75.0,74.6,23.4,32.1,48.5,55.2,32.8,44.0,"PB=1.13, 低估均值=1.31, 比值=0.86, 分位=9%",-0.029166666666666563,0.0032292787944026013,,,,,,,,1.13015,1.3114057272727273,0.8617851641919569,0.09306122448979592,低估价值,价值线内/历史低位,55.2,低估价值,,9.32,8.63,8.86561272,8.63,-0.0740343347639485,-0.026576022147739242
sh.600319,亚星化学,C26化学原料和化学制品制造业,C26化学原料和化学制品制造业,PB,PB低估,5.45,86.2,86.2,0.0,57.1,19.6,55.1,27.2,41.1,"PB=4.22, 低估均值=22.80, 比值=0.19, 分位=27%",0.0018382352941175295,0.07920792079207928,,,,,,,,4.219272,22.801864000000002,0.18504066158801752,0.2674731182795699,低估价值,价值线内/历史低位,55.1,低估价值,,5.45,8.21,5.45,8.21,0.5064220183486239,0.5064220183486239
sh.600516,方大炭素,C30非金属矿物制品业,资源金属,PB,PB低估,4.73,91.1,91.1,0.0,7.8,40.4,54.9,13.3,34.1,"PB=1.18, 低估均值=1.74, 比值=0.68, 分位=8%",-0.05964214711729621,0.03956043956043964,,,,,,,,1.177608,1.7370499090909093,0.6779356159180855,0.08326530612244898,低估价值,价值线内/历史低位,54.9,低估价值,,4.73,5.41,4.70969884,5.41,0.14376321353065524,0.14869340562760924
sh.600284,浦东建设,E48土木工程建筑业,E48土木工程建筑业,PB,PB低估,6.38,77.2,77.2,11.1,53.3,40.8,54.6,33.6,44.1,"PB=0.79, 低估均值=0.94, 比值=0.84, 分位=9%",-0.06725146198830412,0.056291390728476776,,,,,,,,0.787039,0.9396048181818183,0.8376276757743317,0.08530612244897959,低估价值,价值线内/历史低位,54.6,低估价值,,6.38,7.53,6.2204043,7.53,0.18025078369905967,0.21053224787977198
sh.600017,日照港,G55水上运输业,G55水上运输业,PB,PB低估,3.04,75.0,58.0,15.5,33.4,59.6,54.4,31.3,42.9,"PB=0.67, 低估均值=0.74, 比值=0.91, 分位=29%",-0.009771986970683932,0.01333333333333342,,,,,,,,0.671248,0.7391688000000001,0.908111922472918,0.2897959183673469,低估价值,价值线内/历史低位,54.4,低估价值,,3.04,2.82,2.92714304,2.82,-0.07236842105263164,-0.03660328126636403
sh.600085,同仁堂,C27医药制造业,医药医疗,PE,PE低估,36.58,75.0,66.4,16.2,31.9,59.0,54.4,31.1,42.7,"PE=32.73, 低估均值=34.60, 比值=0.95, 分位=11%",-0.0062483020918230325,-0.01930294906166219,,,,,,,,32.734069,34.59839681818182,0.946115196378056,0.10693877551020409,低估价值,价值线内/历史低位,54.4,低估价值,,36.58,26.3,36.0801343,26.3,-0.2810278840896664,-0.27106701484755835
sh.600456,宝钛股份,C32有色金属冶炼和压延加工业,资源金属,PB,PB低估,29.79,75.0,59.8,15.0,25.8,66.8,54.3,29.6,41.9,"PB=2.02, 低估均值=2.09, 比值=0.97, 分位=18%",-0.08055555555555549,0.016030013642564844,,,,,,,,2.022078,2.0916993636363634,0.9667154062162506,0.1816326530612245,低估价值,价值线内/历史低位,54.3,低估价值,,29.79,34.15,29.4280515,34.15,0.14635783820073844,0.16045739555675298
sh.600529,山东药玻,C30非金属矿物制品业,资源金属,PB,PB低估,22.09,75.0,69.2,31.0,1.9,50.0,54.2,25.9,40.0,"PB=1.78, 低估均值=1.86, 比值=0.96, 分位=2%",-0.06714527027027029,-0.0718487394957984,,,,,,,,1.781133,1.8635329999999999,0.9557829134230519,0.022040816326530613,低估价值,价值线内/历史低位,54.2,低估价值,,22.09,17.51,21.49588945,17.51,-0.2073336351290176,-0.18542565820648094
sh.600223,福瑞达,C26化学原料和化学制品制造业,C26化学原料和化学制品制造业,PB,PB低估,7.42,75.0,56.2,10.1,55.4,48.0,54.1,34.9,44.5,"PB=1.82, 低估均值=1.89, 比值=0.96, 分位=25%",-0.03886010362694303,0.07536231884057965,,,,,,,,1.815122,1.894017,0.9583451468492626,0.24979591836734694,低估价值,价值线内/历史低位,54.1,低估价值,,7.42,6.33,7.36699894,6.33,-0.14690026954177893,-0.1407627377777253
sh.600325,华发股份,K70房地产业,K70房地产业,PB,PB低估,5.13,86.5,86.5,3.8,4.7,49.8,54.0,15.1,34.6,"PB=0.70, 低估均值=0.92, 比值=0.76, 分位=1%",-0.03752345215759856,-0.0393258426966292,,,,,,,,0.697847,0.9240323636363638,0.7552192190041355,0.013061224489795919,低估价值,价值线内/历史低位,54.0,低估价值,,5.13,3.2,5.00915259,3.2,-0.37621832358674456,-0.3611693909288557
sh.600032,浙江新能,D44电力、热力生产和供应业,D44电力、热力生产和供应业,PB,PB低估,7.66,75.0,67.9,2.3,57.0,63.3,53.9,34.2,44.1,"PB=1.47, 低估均值=1.67, 比值=0.88, 分位=17%",-0.009055627425614499,0.08498583569405116,,,,,,,,1.470464,1.6705963999999998,0.8802030221063569,0.17259414225941422,低估价值,价值线内/历史低位,53.9,低估价值,,7.66,11.21,7.60942102,11.21,0.4634464751958225,0.473173842075044
sh.600137,浪莎股份,C18纺织服装、服饰业,C18纺织服装、服饰业,PE,PE低估,15.96,75.0,61.9,19.9,58.9,16.5,53.8,35.8,44.8,"PE=55.47, 低估均值=59.85, 比值=0.93, 分位=20%",0.06470980653769187,0.06755852842809373,,,,,,,,55.468411,59.84626711111111,0.9268483011148692,0.2029501525940997,低估价值,价值线内/历史低位,53.8,低估价值,,15.96,23.08,15.79482996,23.08,0.44611528822055124,0.4612376365209061
sh.600023,浙能电力,D44电力、热力生产和供应业,D44电力、热力生产和供应业,PB,PB低估,5.31,75.0,43.1,11.3,30.4,65.6,53.7,29.3,41.5,"PB=0.95, 低估均值=0.96, 比值=0.99, 分位=41%",-0.078125,0.005681818181818121,,,,,,,,0.952189,0.9623294545454545,0.9894625956863762,0.4138775510204082,低估价值,价值线内/历史低位,53.7,低估价值,,5.31,6.15,4.9889043,6.15,0.15819209039548032,0.2327356129080289
sh.600380,健康元,C27医药制造业,医药医疗,PE,PE低估,10.7,75.0,68.8,17.4,29.1,52.1,53.7,29.6,41.6,"PE=14.16, 低估均值=16.07, 比值=0.88, 分位=16%",-0.09090909090909094,-0.01834862385321112,,,,,,,,14.158623,16.06846744444444,0.8811433354769154,0.15714285714285714,低估价值,价值线内/历史低位,53.7,低估价值,,10.7,10.25,10.5261571,10.25,-0.04205607476635509,-0.02623532001056683
sh.600512,腾达建设,E48土木工程建筑业,E48土木工程建筑业,PB,PB低估,2.22,87.1,87.1,0.0,30.0,26.9,53.6,18.9,36.3,"PB=0.57, 低估均值=0.78, 比值=0.73, 分位=7%",-0.03478260869565197,-0.03478260869565197,,,,,,,,0.569154,0.7761642222222221,0.7332906924909077,0.07061224489795918,低估价值,价值线内/历史低位,53.6,低估价值,,2.22,2.28,2.20043958,2.28,0.02702702702702675,0.036156602854780395
sh.600573,惠泉啤酒,C15酒、饮料和精制茶制造业,消费,PE,PE低估,11.24,80.2,80.2,0.0,56.7,37.1,53.5,29.4,41.5,"PE=42.55, 低估均值=53.28, 比值=0.80, 分位=9%",-0.014899211218229569,0.08389585342333672,,,,,,,,42.549057,53.2844199,0.7985271694775454,0.0906318082788671,低估价值,价值线内/历史低位,53.5,低估价值,,11.24,13.02,11.16731092,13.02,0.1583629893238434,0.16590288326995006
sh.600395,盘江股份,B06煤炭开采和洗选业,B06煤炭开采和洗选业,PB,PB低估,4.56,90.7,90.7,0.0,1.2,33.3,53.3,9.9,31.6,"PB=0.94, 低估均值=1.33, 比值=0.71, 分位=1%",-0.06748466257668717,-0.08617234468937884,,,,,,,,0.942721,1.3326247272727274,0.7074167098259675,0.013061224489795919,低估价值,价值线内/历史低位,53.3,低估价值,,4.56,5.35,4.52478768,5.35,0.17324561403508776,0.18237592089624832
sh.600267,海正药业,C27医药制造业,医药医疗,PE,PE低估,8.89,75.0,48.2,6.4,51.9,50.4,53.1,32.4,42.7,"PE=19.49, 低估均值=17.02, 比值=1.15, 分位=12%",-0.04408602150537633,0.010227272727272751,,,,,,,,19.488344,17.018643333333333,1.1451173644275994,0.1215235792019347,低估价值,价值线内/历史低位,53.1,低估价值,,8.89,10.93,8.68977053,10.93,0.2294713160854891,0.2578007626629468
sh.600256,广汇能源,B07石油和天然气开采业,B07石油和天然气开采业,PB,PB低估,5.86,75.0,63.3,9.9,29.2,63.4,53.0,27.9,40.5,"PB=1.39, 低估均值=1.49, 比值=0.94, 分位=17%",-0.042483660130718914,-0.04560260586319209,,,,,,,,1.389757,1.4853211000000002,0.9356609826656336,0.16979591836734695,低估价值,价值线内/历史低位,53.0,低估价值,,5.86,6.55,5.27207206,6.55,0.11774744027303741,0.24239576497746107
sh.600748,上实发展,K70房地产业,K70房地产业,PB,PB低估,3.16,86.7,86.7,0.0,31.5,22.3,53.0,18.7,35.9,"PB=0.53, 低估均值=0.70, 比值=0.75, 分位=4%",-0.021671826625386914,-0.015576323987538832,,,,,,,,0.531313,0.7048262222222222,0.7538212728874383,0.04163265306122449,低估价值,价值线内/历史低位,53.0,低估价值,,3.16,5.24,3.16,5.24,0.6582278481012658,0.6582278481012658
sh.600409,三友化工,C26化学原料和化学制品制造业,C26化学原料和化学制品制造业,PB,PB低估,4.93,87.4,87.4,2.3,1.5,39.8,52.8,11.9,32.3,"PB=0.73, 低估均值=0.99, 比值=0.75, 分位=1%",-0.10036496350364976,-0.06981132075471697,,,,,,,,0.734206,0.985299,0.7451606060698326,0.005714285714285714,低估价值,价值线内/历史低位,52.8,低估价值,,4.93,7.22,4.85899321,7.22,0.464503042596349,0.48590452547679086
sh.600798,宁波海运,G55水上运输业,G55水上运输业,PB,PB低估,2.91,85.8,85.8,0.0,6.6,46.4,52.5,13.5,33.0,"PB=0.90, 低估均值=1.17, 比值=0.76, 分位=4%",-0.029999999999999916,-0.0068259385665528916,,,,,,,,0.897086,1.1749402,0.7635163049149225,0.04163265306122449,低估价值,价值线内/历史低位,52.5,低估价值,,2.91,3.76,2.89709415,3.76,0.29209621993127133,0.2978521944134953
sh.600222,太龙药业,C27医药制造业,医药医疗,PE,PE低估,5.13,83.9,83.9,0.1,28.9,33.2,52.4,19.3,35.8,"PE=95.59, 低估均值=182.44, 比值=0.52, 分位=30%",-0.053505535055350606,-0.042910447761194126,,,,,,,,95.59414,182.4436264,0.5239653578821869,0.30275229357798167,低估价值,价值线内/历史低位,52.4,低估价值,,5.13,7.72,5.12243325,7.72,0.5048732943469785,0.5070962613324437
sh.600497,驰宏锌锗,C32有色金属冶炼和压延加工业,资源金属,PB,PB低估,5.18,75.0,57.5,10.4,27.6,57.9,52.4,26.8,39.6,"PB=1.58, 低估均值=1.60, 比值=0.99, 分位=19%",-0.05128205128205132,-0.07001795332136451,,,,,,,,1.576257,1.5979964545454544,0.9863958055203332,0.19224489795918367,低估价值,价值线内/历史低位,52.4,低估价值,,5.18,10.03,5.0295987,10.03,0.9362934362934363,0.9941948847728148
sh.600511,国药股份,F51批发业,医药医疗,PE,PE低估,29.55,75.0,71.9,15.8,29.0,42.6,52.4,27.4,39.9,"PE=11.15, 低估均值=12.81, 比值=0.87, 分位=12%",-0.017946161515453585,-0.06752918901861793,,,,,,,,11.149522,12.814481222222222,0.8700720541589358,0.1236734693877551,低估价值,价值线内/历史低位,52.4,低估价值,,29.55,27.49,28.7529774,27.49,-0.06971235194585457,-0.04392509973593206
sh.600956,新天绿能,D45燃气生产和供应业,D45燃气生产和供应业,PB,PB低估,7.49,80.9,80.9,7.1,36.4,25.4,52.4,23.8,38.1,"PB=1.39, 低估均值=1.69, 比值=0.82, 分位=4%",0.04317548746518107,0.03310344827586209,,,,,,,,1.389426,1.6927825,0.8207941658187038,0.04081632653061224,低估价值,价值线内/历史低位,52.4,低估价值,,7.49,9.06,7.2933875,9.06,0.20961281708945267,0.24222112152960484
sh.600821,金开新能,D44电力、热力生产和供应业,资源金属,PB,PB低估,5.56,79.4,79.4,4.8,27.0,47.5,52.3,22.7,37.5,"PB=1.18, 低估均值=1.41, 比值=0.84, 分位=4%",-0.06711409395973156,0.02962962962962945,,,,,,,,1.178685,1.4062749999999997,0.8381610993582338,0.041666666666666664,低估价值,价值线内/历史低位,52.3,低估价值,,5.56,8.36,5.36597268,8.36,0.5035971223021583,0.5579654423436238
sh.600903,贵州燃气,D45燃气生产和供应业,D45燃气生产和供应业,PB,PB低估,6.88,79.9,79.9,0.0,36.7,46.9,52.3,23.9,38.1,"PB=2.60, 低估均值=3.23, 比值=0.80, 分位=9%",0.029940119760479167,0.05038167938931304,,,,,,,,2.595996,3.2323402857142858,0.8031320252614845,0.08970831040176115,低估价值,价值线内/历史低位,52.3,低估价值,,6.88,8.81,6.85037472,8.81,0.28052325581395365,0.2860610346290664
sh.600035,楚天高速,G54道路运输业,G54道路运输业,PB,PB低估,4.42,75.0,54.5,6.7,59.4,33.8,52.2,32.6,42.4,"PB=0.80, 低估均值=0.88, 比值=0.91, 分位=35%",-0.008968609865470878,0.032710280373831724,,,,,,,,0.798957,0.8795457000000001,0.9083746302210334,0.34530612244897957,低估价值,价值线内/历史低位,52.2,低估价值,,4.42,3.84,4.25190298,3.84,-0.13122171945701355,-0.09687497149805613
sh.600488,津药药业,C27医药制造业,医药医疗,PE,PE低估,4.07,75.0,71.8,24.0,28.9,20.3,52.2,27.7,39.9,"PE=33.29, 低估均值=42.38, 比值=0.79, 分位=24%",-0.05348837209302315,-0.04235294117647048,,,,,,,,33.291035,42.379412090909085,0.7855473532428107,0.23972306360882734,低估价值,价值线内/历史低位,52.2,低估价值,,4.07,6.31,3.97686619,6.31,0.5503685503685503,0.5866764679854617
sh.600928,西安银行,J66货币金融服务,金融,PE,PE低估,3.45,75.0,72.6,17.8,31.3,34.3,52.2,27.8,40.0,"PE=5.92, 低估均值=6.95, 比值=0.85, 分位=14%",-0.028169014084506894,-0.014285714285714235,,,,,,,,5.924966,6.946127571428571,0.8529883649662723,0.13551401869158877,低估价值,价值线内/历史低位,52.2,低估价值,,3.45,3.56,3.36863175,3.56,0.03188405797101446,0.05680889577793713
sh.600675,中华企业,K70房地产业,K70房地产业,PB,PB低估,2.84,81.1,81.1,0.1,37.9,36.6,52.1,22.9,37.5,"PB=1.16, 低估均值=1.55, 比值=0.75, 分位=14%",0.051851851851851816,0.055762081784386686,,,,,,,,1.16069,1.548945,0.7493422942712621,0.14408163265306123,低估价值,价值线内/历史低位,52.1,低估价值,,2.84,2.54,2.84,2.54,-0.10563380281690138,-0.10563380281690138
sh.600782,新钢股份,C31黑色金属冶炼和压延加工业,资源金属,PB,PB低估,4.06,75.0,74.0,0.2,57.3,51.1,52.1,31.6,41.9,"PB=0.49, 低估均值=0.61, 比值=0.80, 分位=18%",-0.028708133971291905,0.10626702997275195,,,,,,,,0.488601,0.6082926363636363,0.8032334616457779,0.1820408163265306,低估价值,价值线内/历史低位,52.1,低估价值,,4.06,2.96,4.05017074,2.96,-0.2709359605911329,-0.269166612961112
sh.600962,国投中鲁,C15酒、饮料和精制茶制造业,消费,PE,PE低估,14.16,77.9,77.9,2.1,42.0,43.1,51.9,26.0,38.9,"PE=77.74, 低估均值=109.82, 比值=0.71, 分位=25%",0.09852598913886723,0.10366328916601719,,,,,,,,77.743061,109.82292299999999,0.7078946623921129,0.25017921146953404,低估价值,价值线内/历史低位,51.9,低估价值,,14.16,25.44,14.16,25.44,0.7966101694915255,0.7966101694915255
sh.600097,开创国际,A04渔业,A04渔业,PB,PB低估,9.81,75.0,65.9,3.6,61.9,33.3,51.7,32.0,41.8,"PB=1.04, 低估均值=1.09, 比值=0.96, 分位=10%",0.01763485477178417,0.06283856988082337,,,,,,,,1.041889,1.0908555,0.9551118365356366,0.10285714285714286,低估价值,价值线内/历史低位,51.7,低估价值,,9.81,10.02,9.73298169,10.02,0.021406727828745975,0.029489247914119776
sh.600596,新安股份,C26化学原料和化学制品制造业,C26化学原料和化学制品制造业,PB,PB低估,7.7,86.7,86.7,0.0,3.4,36.6,51.7,11.0,31.3,"PB=0.83, 低估均值=1.10, 比值=0.75, 分位=4%",-0.07894736842105254,-0.03266331658291455,,,,,,,,0.8329,1.1046392727272727,0.7540018000117191,0.035510204081632656,低估价值,价值线内/历史低位,51.7,低估价值,,7.7,11.7,7.6045816,11.7,0.5194805194805194,0.5385461837900456
sh.600975,新五丰,A03畜牧业,A03畜牧业,PB,PB低估,6.12,75.0,66.4,3.1,36.4,60.6,51.7,27.0,39.3,"PB=2.53, 低估均值=2.64, 比值=0.96, 分位=9%",0.03204047217537953,0.04081632653061229,,,,,,,,2.529892,2.639438090909091,0.9584964347955739,0.08897959183673469,低估价值,价值线内/历史低位,51.7,低估价值,,6.12,5.39,6.12,5.39,-0.11928104575163401,-0.11928104575163401
sh.600713,南京医药,F51批发业,医药医疗,PE,PE低估,5.14,75.0,63.4,13.2,36.3,34.2,51.6,27.5,39.5,"PE=11.43, 低估均值=12.91, 比值=0.88, 分位=24%",0.007843137254901933,0.057613168724279795,,,,,,,,11.427864,12.914285333333334,0.8849009995546017,0.23673469387755103,低估价值,价值线内/历史低位,51.6,低估价值,,5.14,5.19,4.9722818,5.19,0.009727626459144156,0.043786375904921515
sh.600452,涪陵电力,D44电力、热力生产和供应业,D44电力、热力生产和供应业,PB,PB低估,9.59,75.0,67.6,4.3,33.2,59.0,51.5,26.1,38.8,"PB=2.73, 低估均值=2.90, 比值=0.94, 分位=9%",-0.021428571428571463,0.018046709129511562,,,,,,,,2.727017,2.8970409,0.9413111841120365,0.09428571428571429,低估价值,价值线内/历史低位,51.5,低估价值,,9.59,12.38,9.50780411,12.38,0.29092805005213784,0.3020882484294263
sh.600037,歌华有线,I63电信、广播电视和卫星传输服务,I63电信、广播电视和卫星传输服务,PB,PB低估,7.23,76.7,76.7,0.0,52.4,39.2,51.3,28.1,39.7,"PB=0.79, 低估均值=0.94, 比值=0.84, 分位=9%",-0.013642564802182733,-0.0027586206896551557,,,,,,,,0.789537,0.9402472000000002,0.839712152293567,0.08979591836734693,低估价值,价值线内/历史低位,51.3,低估价值,,7.23,7.9,7.20115953,7.9,0.09266943291839547,0.09704554760780315
sh.600348,华阳股份,B06煤炭开采和洗选业,B06煤炭开采和洗选业,PB,PB低估,6.58,75.0,54.8,7.8,30.9,50.2,51.3,25.6,38.4,"PB=0.84, 低估均值=0.86, 比值=0.98, 分位=24%",-0.042212518195050897,-0.012012012012012074,,,,,,,,0.844193,0.86034,0.9812318385754469,0.24040816326530612,低估价值,价值线内/历史低位,51.3,低估价值,,6.58,9.45,6.29066424,9.45,0.43617021276595724,0.502226098781581
sh.600108,亚盛集团,A01农业,A01农业,PB,PB低估,2.87,75.0,55.4,3.3,35.0,56.2,51.2,25.9,38.6,"PB=1.30, 低估均值=1.36, 比值=0.96, 分位=27%",0.03237410071942448,0.014134275618374659,,,,,,,,1.299928,1.359728,0.9560206158878835,0.26571428571428574,低估价值,价值线内/历史低位,51.2,低估价值,,2.87,3.94,2.86033671,3.94,0.37282229965156777,0.3774602081724847
sh.600508,上海能源,B06煤炭开采和洗选业,B06煤炭开采和洗选业,PB,PB低估,11.21,75.0,71.2,29.6,0.1,25.4,51.2,20.9,36.0,"PB=0.63, 低估均值=0.68, 比值=0.92, 分位=7%",-0.07660626029654038,-0.10176282051282048,,,,,,,,0.626806,0.6819263636363636,0.919169625086153,0.0673469387755102,低估价值,价值线内/历史低位,51.2,低估价值,,11.21,13.78,10.94122904,13.78,0.22925958965209614,0.25945631424237137
sh.600918,中泰证券,J67资本市场服务,金融,PB,PB低估,6.16,75.9,75.9,7.9,30.5,44.7,51.2,24.7,38.0,"PB=1.13, 低估均值=1.32, 比值=0.86, 分位=8%",-0.04496124031007753,-0.01754385964912275,,,,,,,,1.132611,1.3219833333333333,0.8567513458313898,0.07885906040268456,低估价值,价值线内/历史低位,51.2,低估价值,,6.16,5.81,6.1404728,5.81,-0.05681818181818188,-0.05381878737415802
sh.600897,厦门空港,G56航空运输业,G56航空运输业,PB,PB低估,14.13,75.0,69.5,27.4,5.0,23.9,51.0,21.4,36.2,"PB=1.28, 低估均值=1.46, 比值=0.88, 分位=15%",-0.0491251682368774,-0.024171270718231996,,,,,,,,1.282706,1.4568209090909088,0.8804829694546595,0.14775510204081632,低估价值,价值线内/历史低位,51.0,低估价值,,14.13,15.17,13.82734953,15.17,0.07360226468506714,0.09710107255819111
sh.600649,城投控股,K70房地产业,K70房地产业,PB,PB低估,4.42,75.0,67.8,0.9,36.1,58.6,50.9,25.6,38.3,"PB=0.53, 低估均值=0.66, 比值=0.81, 分位=26%",0.004545454545454408,0.05741626794258381,,,,,,,,0.534332,0.6563044,0.8141527010941875,0.26448979591836735,低估价值,价值线内/历史低位,50.9,低估价值,,4.42,4.01,4.38114378,4.01,-0.09276018099547512,-0.08471390089827191
sh.600572,康恩贝,C27医药制造业,医药医疗,PE,PE低估,4.41,75.0,66.0,18.3,5.5,42.1,50.6,20.2,35.4,"PE=19.13, 低估均值=21.64, 比值=0.88, 分位=20%",-0.039215686274509776,-0.022172949002217224,,,,,,,,19.13191,21.637387888888888,0.8842060833888602,0.19665461121157324,低估价值,价值线内/历史低位,50.6,低估价值,,4.41,4.26,4.26267072,4.26,-0.03401360544217691,-0.0006265367830241564
sh.600266,城建发展,K70房地产业,K70房地产业,PB,PB低估,4.77,75.0,55.6,0.0,35.4,53.5,50.1,24.2,37.1,"PB=0.52, 低估均值=0.56, 比值=0.93, 分位=30%",0.04376367614879628,0.01273885350318471,,,,,,,,0.522734,0.5608216,0.9320860680116457,0.29591836734693877,低估价值,价值线内/历史低位,50.1,低估价值,,4.77,5.02,4.72172283,5.02,0.052410901467505155,0.06317125776736865
sh.600467,好当家,A04渔业,A04渔业,PB,PB低估,2.29,75.0,72.4,0.0,36.5,51.9,50.1,24.3,37.2,"PB=0.98, 低估均值=1.11, 比值=0.88, 分位=10%",0.017777777777777892,0.055299539170506895,,,,,,,,0.980148,1.1081027272727275,0.8845281000366718,0.09591836734693877,低估价值,价值线内/历史低位,50.1,低估价值,,2.29,2.35,2.28041864,2.35,0.026200873362445476,0.03051253782068719
sh.600623,华谊集团,C26化学原料和化学制品制造业,C26化学原料和化学制品制造业,PB,PB低估,6.87,75.0,63.7,5.9,32.0,41.0,50.0,23.8,36.9,"PB=0.64, 低估均值=0.70, 比值=0.92, 分位=18%",-0.06275579809004095,0.02690582959641241,,,,,,,,0.642356,0.6971721111111111,0.9213736317940939,0.18244897959183673,低估价值,价值线内/历史低位,50.0,低估价值,,6.87,9.73,6.71561736,9.73,0.4163027656477438,0.44886158314415936
